14.000,59.000,57.000,12.042,77.378,59.366
14.000,98.000,59.000,8.041,96.149,52.698
15.000,70.000,61.000,13.763,75.070,61.504
16.000,49.000,58.000,14.697,67.725,61.571
16.000,63.000,63.000,14.057,80.789,64.658
16.000,81.000,65.000,14.110,80.686,63.486
17.000,55.000,62.000,15.105,74.067,64.366
17.000,94.000,65.000,13.024,91.743,60.108
17.000,126.000,48.000,11.066,128.213,46.871
18.000,39.000,57.000,22.357,47.817,64.009
19.000,39.000,59.000,23.148,47.400,65.352
20.000,72.000,82.000,21.326,72.608,81.337
20.000,79.000,95.000,21.176,82.010,95.007
20.000,86.000,71.000,18.921,85.984,69.000
20.000,102.000,69.000,15.122,99.873,62.244
20.000,104.000,101.000,21.820,111.485,99.957
20.000,113.000,83.000,19.762,113.467,80.231
20.000,132.000,49.000,14.439,134.698,48.413
21.000,51.000,73.000,21.251,61.897,74.982
21.000,56.000,66.000,19.829,72.340,68.168
21.000,57.000,76.000,21.093,66.070,75.918
21.000,83.000,89.000,22.401,83.801,88.131
21.000,83.000,100.000,22.592,91.582,100.410
21.000,102.000,89.000,22.890,102.984,87.541
21.000,120.000,71.000,16.312,118.448,65.489
22.000,28.000,56.000,26.410,32.154,62.761
22.000,46.000,75.000,21.803,58.228,79.155
22.000,60.000,69.000,20.750,76.034,70.276
22.000,68.000,88.000,23.051,71.345,88.081
22.000,91.000,79.000,22.473,90.946,77.018
22.000,113.000,92.000,24.443,114.761,90.387
22.000,115.000,67.000,16.483,112.886,60.287
22.000,118.000,90.000,24.146,120.171,88.077
22.000,131.000,72.000,17.562,130.712,67.503
22.000,138.000,47.000,16.497,141.016,46.197
23.000,37.000,67.000,25.165,46.119,73.248
23.000,43.000,64.000,25.695,50.620,68.229
23.000,49.000,66.000,24.512,58.077,68.957
23.000,57.000,82.000,23.571,62.666,81.081
23.000,102.000,73.000,20.754,101.186,67.602
24.000,63.000,93.000,23.865,72.920,95.201
24.000,96.000,104.000,25.766,107.732,104.153
24.000,97.000,74.000,22.854,96.616,69.766
24.000,111.000,85.000,24.958,111.730,82.824
24.000,126.000,92.000,25.490,127.534,89.718
24.000,132.000,58.000,17.308,133.278,55.138
24.000,142.000,48.000,18.497,144.534,46.484
25.000,57.000,91.000,24.402,69.126,93.906
25.000,67.000,78.000,26.864,68.720,77.830
25.000,68.000,87.000,26.059,70.576,86.610
25.000,71.000,72.000,26.034,72.155,71.223
25.000,87.000,89.000,26.609,88.280,88.101
25.000,107.000,90.000,26.821,107.800,88.220
25.000,108.000,111.000,27.567,125.302,115.243
25.000,115.000,73.000,21.919,113.496,67.038
25.000,138.000,52.000,19.680,140.429,50.665
26.000,41.000,65.000,27.920,48.035,69.338
26.000,49.000,78.000,26.030,60.901,82.013
26.000,72.000,105.000,25.093,88.756,108.612
26.000,78.000,108.000,25.859,94.568,111.505
26.000,94.000,113.000,26.175,105.528,114.207
26.000,108.000,81.000,25.754,108.066,77.191
26.000,114.000,101.000,28.241,118.708,100.340
26.000,119.000,110.000,29.113,130.814,111.367
26.000,138.000,83.000,24.497,138.830,80.015
26.000,140.000,59.000,20.238,141.527,56.175
27.000,31.000,62.000,29.739,39.454,69.690
27.000,70.000,80.000,29.030,70.231,79.858
27.000,88.000,101.000,28.637,104.592,103.439
27.000,95.000,87.000,28.573,95.668,85.751
27.000,116.000,118.000,30.978,131.622,121.681
27.000,132.000,75.000,23.994,131.417,70.751
27.000,133.000,69.000,22.599,132.211,63.916
28.000,55.000,92.000,26.831,70.259,96.627
28.000,56.000,99.000,25.984,73.549,103.810
28.000,75.000,82.000,30.012,75.081,81.643
28.000,80.000,100.000,29.165,96.941,103.184
28.000,95.000,94.000,29.916,97.715,93.294
28.000,98.000,122.000,28.774,109.989,124.832
28.000,125.000,116.000,32.412,138.743,118.445
28.000,132.000,60.000,22.502,132.298,56.046
28.000,143.000,86.000,26.561,143.479,82.617
29.000,19.000,57.000,28.280,28.819,66.278
29.000,33.000,77.000,27.192,48.436,87.153
29.000,37.000,89.000,26.475,54.699,98.226
29.000,41.000,69.000,29.152,50.274,73.898
29.000,42.000,90.000,26.386,60.749,97.948
29.000,55.000,82.000,30.662,61.460,82.989
29.000,86.000,79.000,30.748,85.888,77.290
29.000,91.000,124.000,28.842,101.925,126.925
29.000,98.000,86.000,30.365,98.061,84.443
29.000,98.000,107.000,30.910,113.611,109.204
29.000,99.000,94.000,30.734,99.713,92.628
29.000,104.000,76.000,28.387,103.291,71.059
29.000,121.000,122.000,33.828,135.633,125.209
29.000,130.000,92.000,29.777,130.562,89.783
29.000,143.000,69.000,24.996,143.151,65.008
29.000,148.000,47.000,24.627,149.067,44.485
29.000,148.000,66.000,24.331,148.751,62.425
29.000,148.000,92.000,28.049,149.543,89.088
30.000,22.000,64.000,32.470,33.453,76.243
30.000,45.000,77.000,29.468,59.923,83.417
30.000,50.000,74.000,32.250,57.300,77.450
30.000,58.000,78.000,33.359,57.895,78.429
30.000,64.000,87.000,30.964,69.266,87.278
30.000,74.000,116.000,28.032,88.398,120.319
30.000,95.000,126.000,30.303,106.290,129.093
30.000,114.000,75.000,28.720,112.568,69.729
30.000,123.000,91.000,31.786,123.461,88.919
30.000,128.000,71.000,26.954,126.178,65.458
30.000,142.000,101.000,30.422,143.064,98.470
30.000,143.000,107.000,30.669,145.675,105.171
30.000,148.000,54.000,25.927,148.123,50.749
30.000,154.000,56.000,26.416,154.230,52.507
30.000,158.000,32.000,29.270,161.392,31.289
31.000,29.000,81.000,28.581,44.746,91.876
31.000,36.000,92.000,27.861,53.287,100.753
31.000,51.000,91.000,29.052,69.113,97.400
31.000,67.000,107.000,29.059,85.693,111.570
31.000,70.000,87.000,32.522,70.271,86.128
31.000,78.000,112.000,30.275,94.887,116.548
31.000,87.000,102.000,32.675,108.272,105.924
31.000,103.000,108.000,33.607,118.097,111.201
31.000,110.000,90.000,32.668,110.151,88.168
31.000,112.000,133.000,33.515,122.524,135.463
31.000,121.000,98.000,32.573,121.264,96.250
31.000,124.000,80.000,30.294,123.515,76.412
31.000,152.000,49.000,27.069,152.069,45.874
31.000,160.000,33.000,30.306,163.379,31.333
31.000,160.000,55.000,27.515,160.082,52.060
32.000,17.000,57.000,30.579,28.821,67.537
32.000,37.000,67.000,32.063,46.929,73.317
32.000,47.000,88.000,29.782,65.619,95.639
32.000,64.000,98.000,30.933,81.888,103.088
32.000,88.000,129.000,31.405,98.522,132.844
32.000,90.000,103.000,33.523,110.649,106.926
32.000,112.000,97.000,33.909,112.197,95.492
32.000,128.000,84.000,32.099,127.975,81.369
32.000,132.000,105.000,31.607,132.233,103.100
32.000,139.000,93.000,32.291,139.814,90.399
32.000,145.000,109.000,32.683,148.020,106.896
32.000,154.000,42.000,29.367,154.768,39.549
33.000,22.000,61.000,32.062,32.645,70.176
33.000,27.000,69.000,34.437,39.186,80.775
33.000,36.000,79.000,30.499,52.785,89.323
33.000,76.000,100.000,33.392,94.869,104.298
33.000,84.000,82.000,34.896,83.650,80.546
33.000,92.000,78.000,34.150,91.220,75.681
33.000,97.000,135.000,32.751,105.223,138.269
33.000,118.000,113.000,37.749,132.718,116.976
33.000,135.000,89.000,33.280,135.584,86.407
33.000,146.000,83.000,31.830,146.315,79.052
33.000,152.000,95.000,32.593,153.328,91.838
34.000,14.000,60.000,33.960,27.114,72.686
34.000,31.000,88.000,30.915,47.313,97.847
34.000,77.000,127.000,31.834,87.406,130.855
34.000,78.000,114.000,32.702,93.607,118.865
34.000,100.000,116.000,35.937,115.103,120.021
34.000,101.000,80.000,34.728,99.745,76.537
34.000,117.000,121.000,38.424,130.359,124.480
34.000,127.000,103.000,34.478,128.722,101.817
35.000,14.000,54.000,34.645,27.625,66.460
35.000,41.000,94.000,31.065,58.565,101.142
35.000,55.000,83.000,36.881,62.194,85.164
35.000,67.000,80.000,38.175,66.127,79.474
35.000,96.000,122.000,35.698,108.675,125.575
35.000,103.000,94.000,36.992,103.143,92.971
35.000,103.000,139.000,34.979,109.893,142.115
35.000,110.000,96.000,37.076,110.288,94.827
35.000,122.000,87.000,36.378,121.833,84.942
35.000,126.000,130.000,39.256,136.189,132.168
35.000,148.000,93.000,34.979,149.049,89.718
35.000,159.000,47.000,33.122,158.672,44.001
36.000,21.000,78.000,34.729,35.271,90.446
36.000,27.000,63.000,36.066,36.712,70.500
36.000,27.000,86.000,33.018,42.025,96.387
36.000,41.000,82.000,33.816,57.347,91.568
36.000,42.000,70.000,35.534,51.461,75.242
36.000,49.000,74.000,39.162,52.199,76.657
36.000,55.000,92.000,33.942,73.002,98.473
36.000,59.000,108.000,32.227,75.859,112.607
36.000,73.000,87.000,38.318,70.347,86.029
36.000,84.000,92.000,37.620,85.490,92.002
36.000,88.000,91.000,37.641,87.235,90.948
36.000,109.000,127.000,38.068,119.806,130.216
36.000,116.000,80.000,36.840,114.292,76.941
36.000,145.000,104.000,36.228,145.970,101.001
36.000,151.000,57.000,33.707,150.220,53.366
36.000,154.000,109.000,35.597,155.622,105.037
36.000,156.000,82.000,35.472,155.751,78.017
37.000,15.000,69.000,37.183,27.609,82.212
37.000,15.000,73.000,36.675,27.959,86.141
37.000,62.000,81.000,40.147,61.520,80.948
37.000,65.000,100.000,34.826,82.772,105.785
37.000,73.000,80.000,40.017,70.822,78.344
37.000,74.000,111.000,35.249,89.827,116.277
37.000,80.000,118.000,35.558,93.205,122.913
37.000,88.000,138.000,35.116,94.067,141.491
37.000,95.000,139.000,35.849,100.806,142.326
37.000,106.000,109.000,41.029,121.025,113.146
37.000,122.000,88.000,38.630,121.474,86.202
37.000,126.000,122.000,42.262,137.796,124.833
37.000,129.000,68.000,35.312,125.908,62.299
37.000,131.000,94.000,38.193,131.298,91.994
37.000,148.000,126.000,42.567,158.238,128.922
37.000,149.000,69.000,35.370,147.125,64.970
37.000,154.000,90.000,36.867,154.442,86.076
37.000,160.000,38.000,37.382,161.300,36.119
38.000,10.000,52.000,39.719,24.049,66.382
38.000,21.000,61.000,35.741,32.889,71.464
38.000,23.000,70.000,37.865,35.543,83.281
38.000,23.000,89.000,35.151,37.010,99.506
38.000,50.000,115.000,33.615,62.687,119.863
38.000,55.000,78.000,41.590,54.890,79.275
38.000,85.000,116.000,37.518,98.775,120.656
38.000,115.000,136.000,39.839,122.770,138.825
38.000,121.000,96.000,39.709,120.694,94.761
38.000,128.000,91.000,39.598,127.637,89.061
38.000,138.000,121.000,44.129,149.156,124.470
38.000,146.000,99.000,38.342,146.908,96.109
38.000,149.000,49.000,36.238,147.737,45.968
38.000,152.000,75.000,37.342,150.312,70.937
38.000,163.000,30.000,38.640,166.748,28.818
38.000,167.000,78.000,37.024,167.010,72.929
38.000,168.000,82.000,36.970,168.293,76.683
39.000,18.000,83.000,37.036,32.113,94.815
39.000,37.000,90.000,35.397,52.939,98.874
39.000,40.000,100.000,34.190,55.270,106.827
39.000,54.000,101.000,35.146,70.189,106.841
39.000,65.000,110.000,36.670,81.076,115.501
39.000,79.000,137.000,36.657,85.121,140.288
39.000,86.000,127.000,38.110,95.638,131.108
39.000,95.000,143.000,37.187,99.274,146.060
39.000,105.000,99.000,41.936,109.506,99.371
39.000,115.000,120.000,42.952,126.317,123.681
39.000,119.000,97.000,40.801,118.977,96.275
39.000,124.000,75.000,38.750,121.259,70.304
39.000,125.000,141.000,40.780,130.670,143.355
39.000,142.000,64.000,37.876,138.819,59.511
39.000,144.000,86.000,39.094,143.940,82.469
39.000,147.000,110.000,39.120,149.107,107.243
39.000,151.000,86.000,39.153,150.596,81.976
39.000,156.000,117.000,38.257,159.274,113.463
39.000,159.000,98.000,38.809,159.936,94.089
39.000,165.000,55.000,37.453,164.420,51.060
40.000,10.000,63.000,40.509,22.650,76.853
40.000,33.000,81.000,37.595,47.436,91.984
40.000,42.000,71.000,40.043,47.869,74.480
40.000,59.000,94.000,37.854,74.792,100.137
40.000,63.000,128.000,36.262,71.415,132.667
40.000,77.000,90.000,41.922,74.542,89.194
40.000,78.000,102.000,40.091,94.810,106.601
40.000,89.000,83.000,41.988,86.934,81.341
40.000,108.000,132.000,41.214,115.846,135.497
40.000,109.000,113.000,44.014,122.713,117.244
40.000,128.000,103.000,41.292,129.251,101.980
40.000,129.000,136.000,43.161,135.991,138.177
41.000,12.000,71.000,41.084,24.272,84.328
41.000,30.000,98.000,36.284,42.647,106.261
41.000,44.000,116.000,37.204,54.576,121.917
41.000,65.000,83.000,44.097,63.267,82.462
41.000,65.000,117.000,38.156,77.157,122.387
41.000,67.000,108.000,38.637,82.563,113.907
41.000,69.000,87.000,43.345,67.580,86.526
41.000,82.000,124.000,39.782,91.733,128.544
41.000,93.000,145.000,38.849,96.512,147.653
41.000,95.000,107.000,43.227,111.110,111.768
41.000,99.000,135.000,40.680,105.380,138.649
41.000,104.000,79.000,42.175,101.446,76.348
41.000,109.000,92.000,43.119,107.769,91.423
41.000,112.000,133.000,42.662,119.206,136.273
41.000,121.000,113.000,46.749,133.681,117.318
41.000,122.000,134.000,43.896,129.553,136.270
41.000,138.000,89.000,41.779,137.806,86.577
41.000,145.000,82.000,40.959,143.805,78.032
41.000,153.000,130.000,46.223,161.584,132.077
41.000,160.000,61.000,40.315,157.822,57.005
42.000,7.000,61.000,42.748,19.677,75.643
42.000,21.000,80.000,40.499,34.413,92.183
42.000,33.000,104.000,36.813,44.775,111.652
42.000,36.000,82.000,39.835,49.996,92.833
42.000,38.000,93.000,38.199,52.754,101.454
42.000,62.000,77.000,45.352,60.057,77.070
42.000,72.000,110.000,39.853,85.827,115.846
42.000,84.000,142.000,39.685,88.542,145.136
42.000,96.000,89.000,44.038,94.073,88.910
42.000,116.000,112.000,47.020,128.302,116.226
42.000,119.000,119.000,46.748,129.806,122.986
42.000,135.000,71.000,42.205,130.753,66.400
42.000,151.000,78.000,42.037,148.832,73.314
42.000,159.000,122.000,41.561,162.773,118.497
42.000,160.000,103.000,41.898,161.029,99.043
42.000,161.000,90.000,41.983,160.837,85.815
42.000,164.000,76.000,41.764,162.477,71.035
43.000,25.000,70.000,43.000,36.826,83.781
43.000,39.000,70.000,41.623,48.844,77.060
43.000,46.000,104.000,38.574,59.731,110.609
43.000,68.000,80.000,46.494,65.555,79.006
43.000,72.000,122.000,40.811,81.388,127.868
43.000,86.000,112.000,42.930,98.713,117.649
43.000,107.000,126.000,44.453,115.349,129.974
43.000,123.000,129.000,46.532,130.912,131.623
43.000,124.000,77.000,44.630,120.303,74.462
43.000,125.000,141.000,44.340,129.362,143.149
43.000,138.000,81.000,43.455,135.879,78.015
43.000,138.000,104.000,43.832,138.572,102.010
43.000,152.000,135.000,48.606,159.814,137.729
43.000,156.000,92.000,43.121,155.967,88.015
43.000,159.000,40.000,44.299,158.381,37.680
43.000,170.000,51.000,43.082,168.746,47.132
44.000,18.000,85.000,42.099,30.675,96.259
44.000,45.000,73.000,46.357,43.457,73.512
44.000,49.000,90.000,41.497,62.974,98.404
44.000,59.000,102.000,40.960,73.500,108.855
44.000,70.000,115.000,41.557,81.026,121.333
44.000,82.000,118.000,43.367,92.089,123.984
44.000,88.000,102.000,45.342,101.973,106.664
44.000,89.000,140.000,42.423,93.418,143.115
44.000,90.000,87.000,46.019,87.754,86.358
44.000,95.000,121.000,44.272,105.454,125.496
44.000,99.000,80.000,45.620,95.624,77.288
44.000,99.000,143.000,42.688,102.121,145.922
44.000,113.000,92.000,46.227,111.244,91.987
44.000,116.000,83.000,46.056,113.290,82.510
44.000,126.000,100.000,45.564,126.106,99.141
44.000,133.000,73.000,44.923,128.579,69.085
44.000,145.000,58.000,43.853,141.238,54.375
44.000,151.000,111.000,43.642,152.673,107.629
44.000,168.000,87.000,43.915,167.663,81.494
44.000,168.000,91.000,43.834,168.066,85.722
45.000,4.000,68.000,45.099,16.343,81.502
45.000,16.000,63.000,45.007,28.161,76.241
45.000,20.000,68.000,45.017,31.895,81.385
45.000,34.000,97.000,40.759,46.436,105.732
45.000,51.000,105.000,41.306,63.392,112.417
45.000,56.000,78.000,47.834,55.853,80.247
45.000,67.000,98.000,43.177,80.680,104.084
45.000,73.000,81.000,48.495,70.471,79.090
45.000,87.000,135.000,43.946,92.381,138.947
45.000,111.000,93.000,47.509,109.792,93.253
45.000,144.000,130.000,50.675,152.169,132.206
45.000,149.000,52.000,45.212,145.126,48.866
45.000,163.000,125.000,44.285,166.552,120.972
45.000,164.000,32.000,46.586,165.897,31.112
45.000,166.000,59.000,44.990,163.447,54.973
45.000,174.000,71.000,45.204,170.951,66.060
46.000,7.000,62.000,45.973,19.765,76.399
46.000,7.000,74.000,46.676,18.985,86.204
46.000,10.000,80.000,45.746,21.578,91.215
46.000,29.000,79.000,44.402,41.214,90.977
46.000,30.000,105.000,41.741,39.863,114.015
46.000,31.000,89.000,43.375,43.249,99.452
46.000,32.000,68.000,46.203,43.296,81.839
46.000,60.000,76.000,48.251,59.708,77.836
46.000,66.000,140.000,44.895,69.948,142.415
46.000,73.000,129.000,43.986,79.748,134.317
46.000,75.000,144.000,44.437,78.189,146.401
46.000,77.000,81.000,49.819,73.921,78.230
46.000,82.000,90.000,48.526,79.737,89.441
46.000,92.000,110.000,47.044,104.599,115.512
46.000,111.000,86.000,48.088,108.512,86.125
46.000,115.000,125.000,49.055,122.305,129.103
46.000,123.000,77.000,47.989,118.757,75.763
46.000,128.000,98.000,47.618,127.258,96.976
46.000,142.000,66.000,46.422,137.385,61.923
46.000,148.000,130.000,51.916,156.001,132.130
46.000,150.000,91.000,46.865,149.219,87.912
46.000,160.000,106.000,45.821,161.310,101.998
46.000,165.000,23.000,44.288,168.968,24.360
46.000,165.000,69.000,45.990,161.597,64.583
46.000,171.000,63.000,45.977,168.438,58.704
46.000,171.000,90.000,46.056,170.685,84.278
46.000,173.000,49.000,46.992,171.225,45.165
47.000,13.000,81.000,46.099,24.788,92.561
47.000,15.000,73.000,46.948,26.743,86.039
47.000,19.000,59.000,47.332,31.023,70.353
47.000,42.000,106.000,42.557,53.171,113.846
47.000,51.000,131.000,44.784,56.252,135.925
47.000,61.000,98.000,44.798,73.990,105.545
47.000,66.000,98.000,45.307,78.825,104.676
47.000,78.000,91.000,49.227,76.188,91.041
47.000,87.000,79.000,49.701,83.254,75.923
47.000,99.000,98.000,49.839,102.867,98.913
47.000,102.000,83.000,49.063,98.664,82.743
47.000,106.000,124.000,48.885,113.381,128.509
47.000,111.000,149.000,46.779,111.828,152.193
47.000,125.000,129.000,50.955,131.713,132.393
47.000,134.000,125.000,52.924,142.136,128.285
47.000,136.000,90.000,48.636,134.574,88.618
47.000,140.000,145.000,49.368,142.416,148.493
47.000,142.000,134.000,51.775,148.143,136.078
47.000,154.000,73.000,47.048,149.873,68.691
47.000,158.000,99.000,47.563,158.528,95.078
47.000,162.000,46.000,48.415,158.137,42.921
47.000,170.000,99.000,47.038,170.603,94.671
48.000,54.000,74.000,49.491,53.738,77.149
48.000,55.000,136.000,46.748,58.826,139.768
48.000,57.000,94.000,46.284,68.866,102.425
48.000,60.000,128.000,45.410,65.747,133.058
48.000,71.000,106.000,46.298,83.584,112.786
48.000,76.000,121.000,46.441,83.667,127.522
48.000,78.000,99.000,48.079,90.751,105.014
48.000,83.000,140.000,46.429,86.730,143.514
48.000,89.000,132.000,47.851,93.962,136.523
48.000,96.000,83.000,50.025,92.304,81.676
48.000,108.000,136.000,48.771,111.991,139.923
48.000,109.000,144.000,48.009,110.601,146.392
48.000,142.000,127.000,54.105,149.947,129.388
48.000,147.000,77.000,48.876,143.557,73.067
48.000,149.000,73.000,48.560,144.675,68.796
48.000,153.000,106.000,48.075,154.256,102.769
48.000,161.000,71.000,47.945,156.837,66.578
48.000,161.000,123.000,47.833,164.701,119.350
48.000,162.000,100.000,48.025,162.693,95.815
48.000,176.000,61.000,48.015,173.496,56.307
49.000,6.000,77.000,49.526,17.527,88.495
49.000,23.000,86.000,46.922,33.936,97.198
49.000,39.000,90.000,46.080,50.676,99.820
49.000,44.000,109.000,45.116,53.936,117.005
49.000,50.000,73.000,50.086,49.255,76.026
49.000,52.000,104.000,45.758,62.845,112.488
49.000,64.000,106.000,46.588,75.400,113.172
49.000,65.000,130.000,47.142,69.937,134.900
49.000,78.000,128.000,47.644,83.948,133.905
49.000,80.000,113.000,48.483,89.954,119.359
49.000,82.000,100.000,49.500,95.117,106.186
49.000,92.000,141.000,48.311,94.633,143.936
49.000,93.000,143.000,48.161,94.846,145.616
49.000,100.000,139.000,48.504,103.165,142.807
49.000,107.000,89.000,51.983,104.610,90.416
49.000,119.000,126.000,52.479,125.082,130.195
49.000,119.000,146.000,48.964,120.382,149.368
49.000,124.000,116.000,54.552,132.615,120.449
49.000,128.000,72.000,50.822,123.907,70.738
49.000,132.000,139.000,51.410,135.489,141.413
49.000,136.000,135.000,52.972,140.329,137.135
49.000,166.000,119.000,48.041,169.369,114.898
49.000,170.000,80.000,49.312,167.381,74.896
50.000,7.000,71.000,50.277,18.980,83.499
50.000,22.000,72.000,50.088,33.419,84.491
50.000,30.000,94.000,47.049,40.711,104.112
50.000,30.000,100.000,46.176,39.930,109.689
50.000,36.000,112.000,46.296,44.125,119.718
50.000,47.000,109.000,46.583,56.613,117.200
50.000,65.000,100.000,48.301,76.479,107.666
50.000,74.000,76.000,52.495,72.665,75.091
50.000,74.000,98.000,49.739,84.807,104.304
50.000,104.000,150.000,49.436,103.762,153.001
50.000,105.000,107.000,53.897,115.754,111.549
50.000,110.000,80.000,52.220,106.129,80.706
50.000,110.000,89.000,53.134,107.362,90.638
50.000,119.000,128.000,53.103,124.277,131.811
50.000,129.000,76.000,52.028,124.735,76.000
50.000,132.000,90.000,52.165,129.847,89.798
50.000,133.000,102.000,51.333,133.010,100.765
50.000,140.000,58.000,50.764,134.109,55.216
50.000,145.000,70.000,50.839,140.130,66.285
50.000,147.000,56.000,50.913,141.239,52.777
50.000,149.000,89.000,51.278,147.270,86.473
50.000,149.000,136.000,55.766,154.478,138.099
50.000,160.000,65.000,50.096,155.340,60.852
50.000,164.000,88.000,50.169,163.172,82.705
50.000,169.000,53.000,51.901,164.729,48.990
50.000,169.000,108.000,49.996,171.359,103.954
50.000,175.000,106.000,50.153,177.226,101.905
51.000,12.000,90.000,48.923,21.719,99.525
51.000,23.000,95.000,48.197,33.054,104.972
51.000,31.000,90.000,48.565,41.651,100.779
51.000,41.000,97.000,47.232,51.190,106.536
51.000,49.000,92.000,48.857,59.407,101.863
51.000,53.000,110.000,48.439,62.324,118.060
51.000,59.000,118.000,48.723,66.087,125.400
51.000,68.000,127.000,49.442,72.982,132.961
51.000,69.000,146.000,50.336,70.200,148.420
51.000,77.000,84.000,54.633,75.013,83.516
51.000,77.000,143.000,49.651,79.155,146.212
51.000,79.000,149.000,49.642,79.960,151.394
51.000,90.000,128.000,51.405,94.970,133.446
51.000,108.000,118.000,54.281,115.365,123.581
51.000,110.000,132.000,52.691,113.723,136.460
51.000,121.000,80.000,53.172,115.809,81.229
51.000,129.000,131.000,55.186,133.987,134.394
51.000,130.000,73.000,52.945,125.641,72.779
51.000,142.000,107.000,51.452,143.252,105.694
51.000,150.000,92.000,52.140,148.883,89.200
51.000,166.000,39.000,54.341,162.688,37.115
51.000,179.000,84.000,51.991,177.708,78.482
52.000,9.000,65.000,51.911,21.551,78.386
52.000,11.000,76.000,51.947,21.985,87.720
52.000,11.000,96.000,49.088,19.442,102.504
52.000,44.000,128.000,50.102,47.966,134.242
52.000,52.000,131.000,50.153,56.153,135.436
52.000,65.000,139.000,51.778,67.706,142.072
52.000,79.000,84.000,55.731,76.695,83.729
52.000,85.000,136.000,52.001,87.931,140.136
52.000,88.000,147.000,50.952,87.926,149.952
52.000,97.000,80.000,54.238,92.101,78.114
52.000,104.000,85.000,54.909,100.530,87.023
52.000,121.000,94.000,54.978,119.788,95.227
52.000,127.000,95.000,54.681,125.610,95.005
52.000,130.000,146.000,52.113,131.572,150.245
52.000,132.000,109.000,53.172,134.567,109.376
52.000,157.000,117.000,51.828,159.576,113.492
52.000,161.000,108.000,51.736,162.689,104.163
52.000,169.000,65.000,52.241,164.573,60.926
52.000,178.000,65.000,52.861,174.052,60.336
53.000,27.000,76.000,53.079,36.927,87.923
53.000,49.000,76.000,53.689,52.844,83.835
53.000,58.000,106.000,50.988,66.842,114.295
53.000,62.000,143.000,52.672,63.236,145.552
53.000,63.000,83.000,53.530,68.369,90.520
53.000,84.000,84.000,56.434,81.398,84.345
53.000,86.000,122.000,53.172,92.084,128.453
53.000,88.000,152.000,51.935,86.761,155.324
53.000,108.000,129.000,55.179,111.624,134.038
53.000,118.000,112.000,57.813,125.457,117.027
53.000,128.000,79.000,54.925,122.818,80.124
53.000,133.000,61.000,54.494,125.556,58.539
53.000,143.000,72.000,54.189,137.915,69.686
53.000,144.000,145.000,55.948,145.098,149.194
53.000,146.000,59.000,54.276,139.370,56.013
53.000,153.000,144.000,57.109,154.424,147.907
53.000,163.000,142.000,56.083,163.471,143.775
53.000,171.000,102.000,53.121,172.561,97.799
54.000,18.000,66.000,54.145,30.069,77.710
54.000,18.000,86.000,52.375,27.772,96.541
54.000,41.000,93.000,51.340,50.360,103.348
54.000,43.000,73.000,54.206,49.863,82.878
54.000,52.000,71.000,53.198,54.877,76.608
54.000,54.000,136.000,53.553,56.165,139.959
54.000,55.000,124.000,52.524,59.921,130.406
54.000,58.000,128.000,52.951,61.975,133.465
54.000,73.000,127.000,53.760,77.232,133.285
54.000,74.000,138.000,53.933,76.236,141.928
54.000,103.000,100.000,57.169,106.162,103.419
54.000,141.000,125.000,60.499,147.811,128.044
54.000,142.000,55.000,55.418,134.247,52.571
54.000,143.000,79.000,54.461,139.121,77.162
54.000,145.000,141.000,57.978,147.091,144.015
54.000,150.000,145.000,57.999,151.461,149.672
54.000,154.000,74.000,54.561,148.593,70.393
54.000,165.000,82.000,54.698,161.324,77.791
54.000,171.000,116.000,53.742,175.025,111.888
55.000,16.000,76.000,55.089,26.229,87.225
55.000,25.000,93.000,53.016,33.899,103.435
55.000,39.000,88.000,53.165,48.689,98.916
55.000,44.000,83.000,54.268,52.448,93.928
55.000,48.000,125.000,53.440,52.482,131.322
55.000,61.000,127.000,54.331,65.046,132.873
55.000,66.000,117.000,53.722,71.092,125.011
55.000,91.000,144.000,54.987,90.349,147.239
55.000,94.000,79.000,57.144,88.812,77.091
55.000,110.000,119.000,58.832,114.470,125.055
55.000,111.000,149.000,54.982,110.125,152.968
55.000,118.000,122.000,59.115,122.340,127.636
55.000,124.000,66.000,56.572,115.853,62.702
55.000,126.000,122.000,60.819,130.582,126.250
55.000,137.000,70.000,56.994,130.963,69.816
55.000,148.000,101.000,55.629,148.505,99.018
55.000,165.000,18.000,53.885,167.600,22.341
55.000,171.000,78.000,56.014,166.977,73.640
55.000,175.000,49.000,59.048,171.037,45.076
56.000,19.000,61.000,56.565,31.537,72.089
56.000,26.000,106.000,52.569,32.147,115.129
56.000,26.000,116.000,57.659,30.956,126.302
56.000,32.000,96.000,53.944,40.454,106.494
56.000,32.000,112.000,53.558,38.174,120.228
56.000,34.000,125.000,56.422,37.847,132.420
56.000,39.000,72.000,56.447,48.198,82.663
56.000,41.000,121.000,53.941,45.888,127.544
56.000,49.000,81.000,55.990,55.642,91.406
56.000,51.000,113.000,54.141,57.627,121.526
56.000,55.000,79.000,56.227,62.102,89.179
56.000,57.000,81.000,56.132,64.225,91.029
56.000,59.000,95.000,55.688,66.230,104.887
56.000,69.000,98.000,55.629,76.079,106.437
56.000,72.000,96.000,56.031,78.338,103.733
56.000,88.000,115.000,57.175,94.122,121.485
56.000,89.000,75.000,58.155,83.242,72.831
56.000,92.000,117.000,57.480,97.817,123.281
56.000,95.000,151.000,55.881,93.047,155.162
56.000,111.000,88.000,60.042,107.370,92.081
56.000,113.000,119.000,60.144,117.116,125.040
56.000,116.000,144.000,56.122,115.967,147.940
56.000,117.000,89.000,59.921,113.658,92.490
56.000,120.000,149.000,55.452,120.729,155.050
56.000,122.000,86.000,59.638,117.827,88.902
56.000,127.000,88.000,59.078,123.099,89.553
56.000,129.000,81.000,57.996,123.311,82.490
56.000,132.000,76.000,57.861,126.028,76.823
56.000,135.000,123.000,61.988,140.733,126.775
56.000,137.000,80.000,57.519,131.843,79.651
56.000,141.000,136.000,60.236,143.537,138.077
56.000,149.000,130.000,62.421,154.840,132.062
56.000,152.000,115.000,56.007,154.377,112.756
56.000,153.000,112.000,55.921,154.587,109.383
56.000,162.000,73.000,56.456,156.742,69.041
56.000,171.000,90.000,57.357,169.189,84.723
56.000,176.000,121.000,55.744,181.594,116.809
57.000,27.000,124.000,60.361,30.952,133.513
57.000,35.000,122.000,56.289,39.223,128.922
57.000,72.000,116.000,57.604,76.243,123.862
57.000,79.000,89.000,59.073,81.343,95.674
57.000,80.000,74.000,59.602,75.133,72.935
57.000,86.000,130.000,58.797,88.283,135.708
57.000,88.000,136.000,58.661,88.948,140.215
57.000,96.000,107.000,59.185,100.956,113.561
57.000,97.000,109.000,59.133,101.927,115.451
57.000,108.000,108.000,61.233,113.990,113.483
57.000,123.000,139.000,58.256,123.847,142.775
57.000,128.000,93.000,60.167,125.786,93.243
57.000,130.000,102.000,58.628,130.286,102.195
57.000,150.000,64.000,58.832,141.803,60.906
57.000,158.000,53.000,59.065,149.426,50.086
57.000,158.000,117.000,57.081,160.563,113.730
57.000,164.000,42.000,60.987,158.037,39.928
57.000,166.000,125.000,56.866,170.783,121.205
57.000,167.000,72.000,58.029,161.718,68.034
57.000,174.000,84.000,58.674,171.185,79.127
57.000,176.000,99.000,57.854,177.218,94.572
58.000,11.000,66.000,58.499,22.885,78.541
58.000,21.000,107.000,55.147,26.096,116.242
58.000,29.000,88.000,57.192,37.141,99.335
58.000,52.000,124.000,57.506,55.792,130.845
58.000,56.000,110.000,57.679,62.567,118.862
58.000,63.000,70.000,56.974,63.793,73.841
58.000,67.000,85.000,58.205,72.430,93.802
58.000,68.000,103.000,57.690,73.927,111.966
58.000,74.000,99.000,58.218,79.595,107.175
58.000,83.000,129.000,60.147,85.391,134.637
58.000,86.000,106.000,58.975,91.720,113.641
58.000,88.000,101.000,60.001,93.048,108.985
58.000,88.000,129.000,60.026,89.995,135.083
58.000,103.000,135.000,59.788,104.554,139.309
58.000,131.000,137.000,60.503,132.598,140.257
58.000,139.000,146.000,59.868,138.892,150.958
58.000,153.000,43.000,60.948,144.230,41.616
58.000,156.000,87.000,58.668,153.704,83.373
58.000,157.000,112.000,57.911,158.810,108.925
58.000,162.000,50.000,61.124,154.068,46.871
58.000,167.000,50.000,61.901,160.289,46.141
58.000,169.000,110.000,58.363,172.243,106.501
58.000,175.000,72.000,59.761,170.067,67.671
58.000,177.000,95.000,59.164,177.082,89.878
59.000,12.000,80.000,58.769,21.218,91.383
59.000,17.000,105.000,56.435,22.095,114.093
59.000,26.000,72.000,59.894,35.837,83.142
59.000,45.000,130.000,58.743,47.231,136.170
59.000,57.000,139.000,59.414,57.666,142.867
59.000,58.000,79.000,59.195,64.437,89.200
59.000,60.000,87.000,58.949,66.649,97.216
59.000,63.000,82.000,59.104,68.006,91.275
59.000,71.000,143.000,59.055,70.852,146.594
59.000,72.000,86.000,59.744,76.253,94.368
59.000,76.000,93.000,59.859,80.003,101.088
59.000,79.000,134.000,60.984,80.709,138.413
59.000,83.000,143.000,59.266,82.278,146.478
59.000,101.000,70.000,61.126,92.830,68.051
59.000,108.000,73.000,61.929,100.887,73.201
59.000,114.000,68.000,61.212,104.266,64.930
59.000,114.000,81.000,62.788,109.752,86.747
59.000,135.000,80.000,60.846,129.106,80.316
59.000,137.000,103.000,60.582,137.282,102.902
59.000,138.000,53.000,61.016,127.204,51.766
59.000,147.000,133.000,65.295,151.125,135.167
59.000,148.000,67.000,61.230,139.757,64.779
59.000,151.000,136.000,65.094,154.690,137.839
59.000,157.000,56.000,60.758,147.655,53.023
59.000,167.000,103.000,59.168,168.592,98.990
59.000,171.000,62.000,61.083,164.588,57.614
59.000,176.000,52.000,63.209,170.742,47.996
59.000,177.000,63.000,61.220,171.463,58.265
59.000,177.000,121.000,59.804,183.524,115.868
60.000,12.000,67.000,61.158,23.469,79.479
60.000,22.000,119.000,62.983,26.625,129.411
60.000,36.000,129.000,60.645,38.248,136.037
60.000,48.000,135.000,60.351,49.034,139.850
60.000,63.000,143.000,60.168,62.842,146.039
60.000,67.000,133.000,61.539,68.294,138.597
60.000,77.000,117.000,62.847,79.688,124.519
60.000,86.000,90.000,62.189,88.531,98.819
60.000,91.000,106.000,61.817,95.222,113.274
60.000,95.000,72.000,62.261,87.265,71.398
60.000,95.000,113.000,62.107,99.082,119.068
60.000,107.000,109.000,63.800,111.195,114.415
60.000,109.000,150.000,59.985,105.839,153.701
60.000,112.000,123.000,63.848,113.902,128.891
60.000,114.000,119.000,64.296,116.635,124.877
60.000,125.000,128.000,64.570,126.833,132.348
60.000,130.000,104.000,61.652,130.772,104.643
60.000,138.000,89.000,61.634,133.841,87.676
60.000,174.000,105.000,60.968,177.287,101.396
60.000,180.000,76.000,61.953,175.036,71.355
60.000,180.000,84.000,62.134,178.016,79.259
61.000,9.000,74.000,61.428,19.090,86.182
61.000,24.000,96.000,60.027,30.917,106.930
61.000,26.000,87.000,60.803,33.385,98.404
61.000,29.000,79.000,61.602,37.030,90.359
61.000,38.000,112.000,58.912,43.619,120.604
61.000,40.000,140.000,63.092,40.919,144.693
61.000,46.000,98.000,60.587,51.032,108.461
61.000,55.000,93.000,61.196,60.219,103.247
61.000,60.000,98.000,61.516,65.055,107.902
61.000,79.000,103.000,61.995,83.107,111.341
61.000,82.000,139.000,62.932,81.735,142.916
61.000,87.000,148.000,61.118,84.283,151.296
61.000,94.000,152.000,61.002,91.671,157.704
61.000,112.000,141.000,61.818,111.265,144.650
61.000,128.000,136.000,63.645,128.480,139.471
61.000,129.000,62.000,63.513,118.351,61.264
61.000,130.000,57.000,63.266,118.190,56.024
61.000,131.000,148.000,61.102,130.957,154.253
61.000,135.000,75.000,62.876,128.051,75.849
61.000,138.000,87.000,62.526,133.290,85.860
61.000,139.000,68.000,63.090,131.179,68.045
61.000,148.000,104.000,62.598,148.387,102.551
61.000,151.000,90.000,62.350,148.467,87.631
61.000,155.000,80.000,62.029,150.054,76.918
61.000,166.000,37.000,65.963,160.147,36.380
61.000,167.000,67.000,62.836,160.220,62.966
61.000,170.000,82.000,62.034,166.189,77.421
61.000,170.000,128.000,61.134,175.794,124.716
61.000,179.000,107.000,62.784,183.033,103.237
62.000,16.000,65.000,63.146,27.472,76.833
62.000,27.000,77.000,62.780,35.486,88.287
62.000,28.000,109.000,60.272,33.298,118.287
62.000,40.000,71.000,63.698,47.870,80.552
62.000,46.000,123.000,61.372,49.223,130.260
62.000,50.000,96.000,62.123,54.429,106.279
62.000,66.000,71.000,65.271,59.969,74.168
62.000,73.000,100.000,62.881,77.354,108.732
62.000,79.000,127.000,65.535,80.630,132.626
62.000,82.000,123.000,65.630,83.909,129.111
62.000,82.000,125.000,65.650,83.760,130.854
62.000,89.000,107.000,63.526,92.785,114.423
62.000,91.000,112.000,63.968,94.895,118.158
62.000,95.000,111.000,64.209,98.348,117.176
62.000,109.000,145.000,62.214,106.471,148.589
62.000,118.000,103.000,65.458,119.290,105.930
62.000,125.000,81.000,64.461,119.629,84.532
62.000,129.000,101.000,64.232,128.951,101.828
62.000,130.000,94.000,64.708,127.594,94.389
62.000,137.000,112.000,62.986,138.729,112.205
62.000,146.000,130.000,68.791,149.873,132.842
62.000,150.000,60.000,64.224,139.888,57.740
62.000,152.000,145.000,66.301,153.252,149.751
62.000,155.000,112.000,62.193,157.086,109.947
62.000,159.000,102.000,62.815,159.797,98.385
62.000,164.000,58.000,64.283,155.178,54.285
63.000,12.000,69.000,64.177,22.567,81.506
63.000,20.000,95.000,62.157,26.969,105.852
63.000,22.000,115.000,64.387,26.714,124.912
63.000,37.000,134.000,64.938,38.274,140.274
63.000,48.000,91.000,63.309,53.251,101.799
63.000,64.000,84.000,63.280,67.859,93.519
63.000,64.000,112.000,64.718,67.883,120.827
63.000,66.000,79.000,64.448,65.520,86.108
63.000,67.000,130.000,65.009,68.178,135.981
63.000,71.000,83.000,64.218,72.915,91.752
63.000,72.000,147.000,63.452,69.751,149.712
63.000,88.000,69.000,64.996,79.290,69.830
63.000,90.000,123.000,65.944,91.649,128.939
63.000,101.000,127.000,66.416,100.932,132.095
63.000,106.000,131.000,66.078,105.515,135.982
63.000,117.000,126.000,66.622,117.871,131.361
63.000,120.000,61.000,65.044,108.265,59.659
63.000,123.000,84.000,66.466,118.796,88.518
63.000,124.000,95.000,66.083,122.418,97.306
63.000,139.000,85.000,64.405,133.876,84.096
63.000,139.000,132.000,68.751,140.807,134.740
63.000,145.000,71.000,64.922,137.376,70.718
63.000,157.000,145.000,67.004,158.143,147.088
63.000,162.000,32.000,68.524,155.652,32.633
63.000,163.000,45.000,67.015,155.080,42.859
63.000,163.000,122.000,63.311,168.231,119.184
63.000,167.000,97.000,63.955,166.706,92.709
63.000,167.000,123.000,63.189,172.396,119.612
63.000,175.000,60.000,65.753,168.174,55.603
64.000,10.000,84.000,63.593,18.064,95.500
64.000,22.000,72.000,64.991,31.674,83.642
64.000,37.000,101.000,63.970,42.710,112.186
64.000,53.000,99.000,65.110,56.959,108.826
64.000,76.000,113.000,66.916,78.555,120.980
64.000,80.000,103.000,65.868,83.818,111.480
64.000,80.000,112.000,66.229,82.660,119.895
64.000,88.000,101.000,66.030,90.720,109.124
64.000,89.000,131.000,67.468,88.477,136.032
64.000,105.000,118.000,67.482,106.177,123.434
64.000,106.000,76.000,66.725,101.211,81.070
64.000,109.000,115.000,67.981,110.658,120.439
64.000,115.000,128.000,67.170,115.125,133.181
64.000,118.000,141.000,65.766,115.978,144.655
64.000,122.000,136.000,66.105,120.501,139.745
64.000,133.000,102.000,66.014,133.091,102.546
64.000,139.000,59.000,66.915,128.434,59.204
64.000,141.000,46.000,66.574,128.278,46.246
64.000,143.000,141.000,67.668,143.097,143.852
64.000,150.000,52.000,66.019,138.550,50.903
64.000,150.000,138.000,69.807,151.936,140.159
64.000,157.000,27.000,70.312,150.869,28.158
64.000,161.000,38.000,68.518,152.902,37.852
64.000,163.000,99.000,64.771,163.206,95.000
64.000,163.000,119.000,64.184,167.455,116.147
64.000,172.000,103.000,65.103,174.978,99.369
64.000,178.000,88.000,66.443,177.269,84.065
65.000,14.000,90.000,64.458,21.506,101.252
65.000,32.000,99.000,64.999,37.738,110.383
65.000,38.000,127.000,65.515,39.751,133.501
65.000,40.000,82.000,65.963,46.906,94.128
65.000,44.000,106.000,65.245,48.901,116.132
65.000,54.000,112.000,66.087,58.757,121.181
65.000,55.000,86.000,66.123,60.320,96.314
65.000,55.000,133.000,66.342,55.844,138.429
65.000,61.000,97.000,66.309,65.140,106.833
65.000,73.000,107.000,66.967,76.976,115.109
65.000,79.000,67.000,67.772,69.766,69.034
65.000,92.000,118.000,67.504,94.078,123.872
65.000,97.000,125.000,68.659,96.863,129.840
65.000,99.000,151.000,65.864,94.757,156.125
65.000,123.000,146.000,66.139,120.166,150.458
65.000,127.000,82.000,67.466,122.042,85.405
65.000,134.000,90.000,67.039,130.321,90.032
65.000,140.000,64.000,67.744,130.221,63.934
65.000,155.000,42.000,67.979,144.398,41.855
65.000,157.000,71.000,66.285,149.039,68.052
65.000,157.000,118.000,65.183,160.935,115.919
65.000,170.000,50.000,69.661,162.986,46.809
65.000,173.000,120.000,66.037,179.341,115.174
65.000,175.000,104.000,66.834,178.640,100.467
66.000,16.000,83.000,65.973,23.982,94.855
66.000,32.000,70.000,66.307,41.906,80.125
66.000,48.000,113.000,66.051,51.966,122.598
66.000,58.000,130.000,68.015,59.065,135.951
66.000,62.000,143.000,67.115,61.070,146.008
66.000,63.000,130.000,68.384,63.928,135.872
66.000,64.000,103.000,67.990,68.116,112.028
66.000,65.000,144.000,66.924,63.492,147.078
66.000,76.000,86.000,67.839,78.279,96.405
66.000,78.000,127.000,70.232,78.897,132.567
66.000,93.000,140.000,68.142,90.239,143.983
66.000,95.000,121.000,68.809,95.992,126.499
66.000,112.000,78.000,68.731,107.738,85.128
66.000,136.000,103.000,67.962,136.064,103.300
66.000,138.000,140.000,68.614,136.418,142.157
66.000,141.000,79.000,67.186,134.939,78.796
66.000,142.000,147.000,68.020,141.289,152.297
66.000,149.000,79.000,67.321,143.181,77.029
66.000,154.000,48.000,68.175,142.463,47.170
66.000,162.000,98.000,67.007,161.686,94.462
66.000,174.000,60.000,68.710,166.530,55.902
67.000,30.000,100.000,67.139,35.401,111.167
67.000,41.000,138.000,68.965,41.788,142.459
67.000,48.000,117.000,67.105,51.395,125.705
67.000,50.000,105.000,68.882,54.303,114.655
67.000,64.000,119.000,70.453,66.584,126.515
67.000,76.000,145.000,68.825,73.199,147.807
67.000,85.000,74.000,70.785,77.889,78.690
67.000,99.000,75.000,70.177,92.758,80.722
67.000,99.000,144.000,68.836,94.528,147.965
67.000,112.000,121.000,70.812,112.045,125.737
67.000,115.000,78.000,69.634,110.638,84.593
67.000,122.000,59.000,69.544,109.334,59.898
67.000,122.000,85.000,71.138,118.332,90.807
67.000,137.000,131.000,73.002,137.725,133.992
67.000,140.000,112.000,68.133,141.657,112.201
67.000,156.000,54.000,69.105,144.390,52.190
68.000,13.000,90.000,67.779,20.694,101.845
68.000,15.000,71.000,69.196,24.314,83.461
68.000,16.000,101.000,67.366,22.356,111.291
68.000,45.000,118.000,67.888,48.270,126.343
68.000,51.000,92.000,69.654,55.322,102.359
68.000,56.000,94.000,69.786,59.397,103.805
68.000,56.000,113.000,69.903,60.258,121.785
68.000,88.000,71.000,71.520,79.289,75.204
68.000,89.000,145.000,70.373,85.058,148.569
68.000,104.000,125.000,71.900,102.864,129.469
68.000,113.000,135.000,70.141,110.852,139.403
68.000,118.000,123.000,72.121,118.196,128.221
68.000,120.000,96.000,71.956,119.247,100.469
68.000,129.000,118.000,73.795,130.302,122.281
68.000,129.000,127.000,73.969,129.213,130.884
68.000,135.000,61.000,71.613,123.770,62.742
68.000,137.000,74.000,69.858,129.698,74.748
68.000,143.000,117.000,69.399,145.515,117.580
68.000,146.000,84.000,69.426,140.823,82.141
68.000,151.000,31.000,72.815,142.552,32.683
68.000,152.000,86.000,69.415,147.807,83.882
68.000,153.000,21.000,72.446,148.839,22.883
68.000,155.000,35.000,72.173,145.104,36.357
68.000,160.000,99.000,69.097,159.479,95.978
68.000,163.000,82.000,69.644,157.902,78.089
68.000,169.000,84.000,69.231,165.056,79.681
68.000,171.000,78.000,68.571,165.069,73.782
69.000,26.000,81.000,69.879,33.789,92.444
69.000,47.000,129.000,69.671,48.558,134.702
69.000,57.000,148.000,71.541,55.030,149.625
69.000,92.000,61.000,69.919,80.515,65.248
69.000,115.000,138.000,71.043,111.992,142.052
69.000,116.000,144.000,70.883,111.878,147.866
69.000,126.000,78.000,71.223,120.654,82.189
69.000,132.000,80.000,71.030,127.410,82.137
69.000,133.000,43.000,72.187,118.350,45.150
69.000,146.000,89.000,70.944,142.109,87.460
69.000,150.000,65.000,71.255,139.924,63.458
69.000,153.000,45.000,71.437,141.031,45.290
69.000,155.000,77.000,70.340,148.585,74.279
69.000,161.000,65.000,70.441,151.684,61.960
69.000,161.000,112.000,69.565,164.887,109.818
69.000,162.000,137.000,72.415,163.406,135.287
69.000,163.000,75.000,70.094,156.161,71.196
69.000,167.000,124.000,70.317,173.236,120.917
69.000,170.000,107.000,71.227,174.547,103.657
70.000,8.000,94.000,70.614,15.875,106.208
70.000,18.000,111.000,70.991,22.302,120.157
70.000,20.000,69.000,70.894,29.309,81.032
70.000,25.000,63.000,70.193,34.451,74.598
70.000,26.000,121.000,71.028,29.549,128.766
70.000,28.000,86.000,70.882,34.824,97.486
70.000,36.000,115.000,70.041,40.077,123.932
70.000,98.000,67.000,73.239,88.717,72.253
70.000,106.000,77.000,72.175,101.392,84.456
70.000,108.000,58.000,71.574,95.104,61.276
70.000,108.000,80.000,72.066,104.235,88.275
70.000,109.000,134.000,72.822,106.168,138.039
70.000,111.000,70.000,72.848,103.829,75.837
70.000,120.000,129.000,73.851,118.534,133.449
70.000,121.000,102.000,74.218,120.985,105.742
70.000,124.000,78.000,72.298,118.608,82.887
70.000,127.000,67.000,73.662,116.675,70.301
70.000,132.000,148.000,71.009,128.763,153.507
70.000,139.000,55.000,73.249,126.545,56.581
70.000,140.000,47.000,73.177,125.923,49.230
70.000,146.000,40.000,72.997,132.494,42.391
70.000,160.000,46.000,73.711,150.014,45.402
71.000,12.000,77.000,71.647,20.447,89.037
71.000,26.000,108.000,71.171,30.834,117.397
71.000,32.000,89.000,72.470,38.224,100.611
71.000,33.000,109.000,71.425,37.778,118.558
71.000,39.000,92.000,72.883,44.400,103.788
71.000,53.000,127.000,73.060,54.719,133.028
71.000,61.000,142.000,73.203,59.693,144.570
71.000,96.000,126.000,75.098,94.139,130.016
71.000,105.000,149.000,73.010,98.810,153.253
71.000,114.000,150.000,72.944,108.009,154.480
71.000,119.000,82.000,74.140,114.883,88.920
71.000,119.000,104.000,75.303,119.201,107.964
71.000,128.000,99.000,74.950,127.045,101.772
71.000,128.000,133.000,75.136,126.121,136.745
71.000,143.000,97.000,72.906,140.825,96.963
71.000,144.000,57.000,73.969,131.943,57.512
71.000,149.000,26.000,75.316,143.875,27.934
71.000,154.000,121.000,71.401,158.151,119.229
71.000,161.000,49.000,74.144,151.298,47.785
72.000,20.000,96.000,72.124,26.757,107.205
72.000,103.000,133.000,75.970,99.636,136.203
72.000,111.000,144.000,74.040,105.558,147.773
72.000,112.000,79.000,74.034,107.787,87.485
72.000,114.000,71.000,74.576,107.552,78.257
72.000,115.000,102.000,75.977,115.219,106.750
72.000,133.000,39.000,75.455,118.790,42.159
72.000,138.000,69.000,74.464,128.721,69.767
72.000,143.000,111.000,73.306,144.068,111.115
72.000,144.000,25.000,75.436,138.509,27.562
72.000,145.000,146.000,73.519,142.855,150.990
72.000,146.000,49.000,74.827,132.238,50.247
72.000,151.000,116.000,72.183,154.010,114.553
72.000,152.000,89.000,73.828,148.234,86.999
72.000,152.000,99.000,73.594,150.089,97.129
72.000,154.000,106.000,72.540,154.517,104.069
72.000,161.000,88.000,73.926,156.975,84.118
73.000,14.000,83.000,73.154,22.125,95.063
73.000,14.000,89.000,73.001,21.724,100.874
73.000,37.000,107.000,74.718,42.063,116.774
73.000,37.000,139.000,74.941,37.593,141.461
73.000,46.000,140.000,74.349,46.092,142.668
73.000,52.000,135.000,74.866,52.468,139.259
73.000,123.000,46.000,75.944,108.440,49.056
73.000,123.000,114.000,78.348,123.283,119.163
73.000,146.000,65.000,75.451,135.757,64.251
73.000,152.000,82.000,74.649,147.088,79.883
73.000,156.000,42.000,76.175,145.004,43.255
74.000,32.000,103.000,75.506,37.345,113.404
74.000,93.000,138.000,77.522,88.244,141.481
74.000,99.000,55.000,75.346,86.275,61.192
74.000,110.000,51.000,75.713,96.000,55.652
74.000,122.000,103.000,78.747,121.160,106.744
74.000,131.000,107.000,77.581,130.268,109.337
74.000,131.000,141.000,76.114,126.757,144.778
74.000,135.000,71.000,76.444,126.522,72.460
74.000,136.000,131.000,79.183,134.990,134.290
74.000,155.000,68.000,75.953,145.934,65.721
74.000,158.000,93.000,75.259,154.700,90.602
74.000,167.000,89.000,75.943,163.562,84.854
75.000,15.000,98.000,75.131,22.438,109.103
75.000,22.000,89.000,75.772,29.859,100.935
75.000,38.000,130.000,75.887,39.338,134.222
75.000,46.000,129.000,76.441,47.418,133.588
75.000,102.000,124.000,79.247,99.581,128.083
75.000,103.000,138.000,78.399,98.121,140.990
75.000,112.000,58.000,77.602,99.096,65.011
75.000,117.000,137.000,77.698,112.130,140.980
75.000,122.000,69.000,77.443,113.164,74.723
75.000,126.000,67.000,77.694,116.395,71.159
75.000,135.000,37.000,79.106,120.875,41.000
75.000,147.000,65.000,77.441,136.848,64.097
75.000,148.000,51.000,77.756,134.865,52.004
75.000,149.000,107.000,75.625,149.413,106.132
75.000,150.000,72.000,77.117,142.238,70.133
75.000,155.000,83.000,76.971,150.364,80.594
76.000,6.000,92.000,76.287,14.165,103.942
76.000,24.000,113.000,76.362,27.979,121.051
76.000,121.000,110.000,80.945,120.507,114.004
76.000,122.000,73.000,77.957,114.575,78.986
76.000,128.000,94.000,80.492,125.089,97.678
76.000,130.000,31.000,80.204,117.575,35.526
76.000,135.000,60.000,79.227,123.601,62.741
76.000,144.000,79.000,78.688,138.803,77.940
76.000,156.000,74.000,78.240,149.049,71.509
76.000,157.000,100.000,77.126,155.636,98.205
77.000,12.000,88.000,77.118,20.016,99.656
77.000,107.000,142.000,79.772,100.742,145.371
77.000,120.000,88.000,80.910,116.273,95.314
77.000,126.000,145.000,78.979,119.565,148.894
77.000,131.000,136.000,80.353,127.199,139.941
77.000,134.000,51.000,80.428,120.684,54.602
77.000,143.000,87.000,79.663,139.400,86.081
77.000,144.000,97.000,79.233,142.105,97.072
78.000,43.000,142.000,79.653,42.439,142.831
78.000,105.000,62.000,81.514,94.054,71.529
78.000,106.000,44.000,80.168,92.940,50.504
78.000,116.000,147.000,80.212,108.322,150.914
78.000,128.000,126.000,83.627,126.673,130.557
78.000,133.000,90.000,81.654,130.079,91.599
78.000,141.000,115.000,79.332,142.658,115.865
79.000,29.000,116.000,79.571,32.998,123.512
79.000,113.000,37.000,83.291,101.779,42.883
79.000,119.000,151.000,81.391,110.304,154.775
79.000,122.000,131.000,83.556,117.516,135.239
79.000,130.000,114.000,82.844,130.094,116.817
79.000,132.000,102.000,83.476,130.145,103.846
79.000,140.000,101.000,81.905,138.982,101.439
79.000,140.000,120.000,80.211,141.931,121.429
79.000,146.000,128.000,80.015,148.250,128.227
79.000,149.000,99.000,80.136,147.648,98.633
80.000,3.000,83.000,80.502,12.502,95.394
80.000,14.000,98.000,80.403,21.948,108.731
80.000,22.000,120.000,80.515,25.309,126.988
80.000,101.000,47.000,82.055,87.157,54.839
80.000,122.000,138.000,82.628,115.998,141.944
80.000,124.000,125.000,85.838,122.283,130.141
80.000,132.000,87.000,83.234,129.002,88.463
80.000,140.000,92.000,83.339,137.897,92.260
80.000,144.000,124.000,80.690,146.407,124.552
81.000,15.000,102.000,81.969,21.816,111.616
81.000,31.000,132.000,81.483,32.520,135.415
81.000,97.000,57.000,84.726,85.441,66.573
81.000,125.000,107.000,86.201,123.265,109.581
81.000,125.000,150.000,83.014,116.833,153.562
81.000,126.000,129.000,85.978,122.933,133.564
81.000,127.000,55.000,84.171,114.381,60.548
81.000,130.000,68.000,83.928,120.958,71.712
82.000,6.000,91.000,82.392,14.638,102.486
82.000,24.000,114.000,82.413,28.100,121.628
82.000,27.000,128.000,82.336,29.449,133.158
82.000,102.000,42.000,84.880,89.770,50.866
82.000,112.000,31.000,86.369,102.037,40.025
82.000,116.000,77.000,82.946,111.529,86.000
82.000,127.000,99.000,87.619,123.885,101.425
83.000,12.000,104.000,84.464,18.251,112.801
83.000,17.000,113.000,84.098,21.227,120.706
83.000,22.000,119.000,83.171,25.493,126.018
83.000,108.000,46.000,85.158,95.604,54.219
83.000,124.000,126.000,88.332,121.794,130.846
83.000,128.000,87.000,86.639,124.499,89.364
83.000,139.000,125.000,84.110,140.307,126.301
84.000,114.000,51.000,86.126,101.392,59.253
84.000,117.000,64.000,87.086,105.400,74.620
84.000,132.000,137.000,85.712,126.576,141.477
85.000,19.000,118.000,85.215,22.715,125.053
85.000,111.000,34.000,88.791,100.230,43.909
85.000,128.000,82.000,87.570,124.063,84.216
85.000,129.000,67.000,88.571,119.559,70.859
86.000,94.000,44.000,90.137,82.363,54.138
86.000,98.000,28.000,91.887,90.303,39.985
86.000,98.000,50.000,89.027,85.634,59.516
86.000,104.000,43.000,89.124,91.862,52.030
86.000,116.000,57.000,88.755,103.235,67.061
86.000,136.000,90.000,89.640,136.334,90.807
87.000,93.000,37.000,92.146,83.946,48.893
87.000,122.000,123.000,91.359,121.017,127.803
88.000,106.000,49.000,90.732,93.090,57.951
88.000,113.000,42.000,91.189,100.374,50.965
88.000,121.000,48.000,91.273,107.351,56.342
89.000,91.000,42.000,93.721,80.609,53.608
89.000,99.000,40.000,93.188,88.020,49.983
89.000,108.000,39.000,92.421,96.027,48.530
89.000,120.000,79.000,91.086,115.819,84.896
90.000,96.000,45.000,93.935,84.188,55.005
90.000,127.000,92.000,95.481,124.346,93.892
90.000,130.000,70.000,93.480,122.020,73.778
91.000,104.000,44.000,93.840,91.031,52.662
91.000,105.000,52.000,93.613,92.185,61.292
91.000,111.000,48.000,94.035,97.484,56.831
91.000,135.000,93.000,96.436,135.341,94.518
92.000,107.000,53.000,94.513,94.206,62.476
92.000,114.000,45.000,95.319,100.498,54.289
92.000,121.000,53.000,95.547,107.276,62.630
92.000,121.000,68.000,95.037,111.601,76.287
92.000,131.000,76.000,95.219,125.979,78.935
93.000,24.000,120.000,92.242,27.469,126.744
93.000,29.000,124.000,91.757,32.221,130.353
93.000,37.000,133.000,91.847,38.580,137.715
93.000,125.000,57.000,97.177,111.778,66.049
94.000,122.000,73.000,96.640,115.481,79.890
94.000,127.000,65.000,97.634,116.624,72.069
94.000,131.000,72.000,97.241,124.097,76.456
95.000,16.000,114.000,94.086,20.645,121.151
95.000,45.000,141.000,93.354,43.076,141.908
95.000,130.000,82.000,98.497,127.166,85.622
96.000,27.000,120.000,94.251,30.610,126.283
96.000,40.000,133.000,94.720,41.217,137.243
97.000,11.000,110.000,96.544,16.660,117.818
97.000,29.000,121.000,95.004,32.589,127.148
98.000,20.000,115.000,96.364,24.642,121.878
98.000,37.000,139.000,96.935,37.581,141.091
98.000,41.000,141.000,96.636,40.323,142.105
99.000,11.000,107.000,98.631,17.183,115.151
99.000,35.000,131.000,97.550,37.439,136.066
100.000,22.000,124.000,98.742,25.736,129.509
100.000,50.000,145.000,99.681,48.688,145.682
101.000,22.000,119.000,99.119,26.204,125.045
101.000,33.000,122.000,98.725,36.510,127.774
102.000,40.000,133.000,101.004,41.415,136.872
102.000,40.000,143.000,101.059,39.860,143.756
103.000,36.000,122.000,100.692,39.635,127.931
103.000,47.000,139.000,102.705,46.793,140.757
104.000,42.000,141.000,103.623,41.894,142.333
104.000,53.000,138.000,103.965,52.892,139.548
105.000,18.000,120.000,103.784,21.910,125.469
105.000,40.000,125.000,103.084,42.807,129.943
105.000,49.000,144.000,105.634,48.732,144.795
105.000,134.000,147.000,102.339,128.054,147.830
106.000,16.000,107.000,104.040,22.241,114.219
106.000,21.000,114.000,103.826,25.886,120.151
106.000,28.000,120.000,103.961,31.633,125.388
106.000,43.000,135.000,105.827,43.562,137.884
106.000,151.000,128.000,105.865,152.708,128.761
107.000,26.000,128.000,105.906,28.032,131.831
107.000,153.000,123.000,107.027,155.073,123.914
108.000,23.000,119.000,106.255,26.616,124.166
108.000,46.000,132.000,107.243,46.719,134.917
109.000,20.000,110.000,106.619,25.400,116.216
109.000,30.000,134.000,109.023,31.556,137.171
109.000,31.000,124.000,107.148,33.283,128.098
109.000,40.000,141.000,109.365,40.200,141.751
109.000,59.000,137.000,108.836,59.012,138.952
110.000,11.000,110.000,108.736,16.956,117.052
110.000,45.000,141.000,110.346,44.866,142.367
110.000,58.000,145.000,110.737,57.184,145.467
110.000,61.000,130.000,108.508,61.097,132.489
110.000,65.000,150.000,110.347,63.131,149.390
110.000,126.000,150.000,107.919,120.101,149.940
110.000,159.000,111.000,109.833,160.414,111.707
110.000,164.000,129.000,110.163,165.888,130.173
110.000,166.000,81.000,111.792,160.504,83.158
110.000,167.000,123.000,110.170,168.779,124.160
111.000,38.000,124.000,109.627,40.260,127.830
111.000,108.000,150.000,109.140,101.990,148.840
111.000,120.000,153.000,109.058,113.893,152.916
111.000,126.000,152.000,109.011,120.105,152.031
111.000,163.000,72.000,112.616,155.152,75.243
111.000,163.000,92.000,111.565,161.260,93.798
112.000,8.000,101.000,111.435,15.328,109.133
112.000,62.000,143.000,112.350,61.208,143.676
112.000,158.000,61.000,112.901,147.808,66.414
113.000,15.000,108.000,111.213,20.635,114.199
113.000,16.000,123.000,112.755,18.462,127.259
113.000,18.000,124.000,112.499,20.391,127.776
113.000,24.000,121.000,111.788,26.562,125.037
113.000,41.000,127.000,112.308,42.293,129.815
113.000,47.000,130.000,112.334,47.618,132.419
113.000,126.000,152.000,111.089,120.595,151.891
113.000,136.000,140.000,110.929,133.495,139.720
113.000,140.000,20.000,106.700,130.449,28.826
113.000,145.000,33.000,108.543,130.783,45.445
113.000,147.000,38.000,109.371,132.629,49.553
113.000,150.000,43.000,110.974,136.055,53.685
113.000,153.000,121.000,113.061,153.843,121.368
113.000,154.000,133.000,112.750,155.340,133.286
113.000,162.000,142.000,112.998,163.538,142.317
113.000,165.000,113.000,113.879,165.876,112.316
114.000,28.000,117.000,112.092,31.248,121.332
114.000,52.000,136.000,114.005,51.886,137.664
114.000,97.000,44.000,109.194,81.149,54.911
114.000,131.000,141.000,111.770,127.883,140.361
114.000,147.000,25.000,110.183,137.737,37.094
114.000,163.000,122.000,114.410,164.452,122.123
114.000,175.000,111.000,114.913,177.216,109.369
114.000,176.000,85.000,115.904,174.003,85.783
114.000,177.000,104.000,115.649,178.493,101.764
114.000,180.000,96.000,115.484,181.482,94.023
115.000,24.000,135.000,114.420,25.475,136.804
115.000,34.000,130.000,114.901,35.065,132.249
115.000,52.000,132.000,114.460,52.031,134.062
115.000,71.000,154.000,115.312,68.580,152.691
115.000,77.000,149.000,114.285,74.927,148.678
115.000,101.000,153.000,114.589,96.886,152.460
115.000,124.000,108.000,112.301,120.937,109.341
115.000,127.000,101.000,111.743,123.197,103.517
115.000,132.000,110.000,110.199,129.184,110.395
115.000,135.000,136.000,112.905,133.075,135.520
115.000,152.000,130.000,114.847,153.164,129.855
115.000,168.000,104.000,116.826,168.089,103.800
115.000,169.000,83.000,116.853,164.283,84.308
116.000,27.000,130.000,115.641,27.916,131.965
116.000,31.000,115.000,114.117,34.251,119.344
116.000,43.000,138.000,116.285,42.784,138.520
116.000,53.000,147.000,117.059,51.634,146.176
116.000,95.000,142.000,114.263,92.063,141.504
116.000,130.000,91.000,113.101,125.572,96.146
116.000,135.000,31.000,106.015,118.888,39.728
116.000,146.000,146.000,112.998,144.352,144.833
116.000,147.000,124.000,115.867,147.201,123.855
116.000,150.000,149.000,113.180,148.210,148.128
116.000,153.000,19.000,112.761,149.790,29.339
116.000,169.000,87.000,117.866,165.244,87.756
116.000,177.000,112.000,117.076,179.383,109.932
117.000,50.000,153.000,117.608,48.941,150.654
117.000,57.000,152.000,117.705,55.160,149.826
117.000,63.000,129.000,115.915,62.976,131.084
117.000,114.000,95.000,113.888,109.875,99.493
117.000,116.000,149.000,115.017,111.209,148.528
117.000,134.000,149.000,115.280,130.359,148.963
117.000,152.000,35.000,115.717,140.031,47.353
117.000,153.000,24.000,114.779,147.489,36.492
117.000,157.000,127.000,117.415,157.962,126.820
117.000,159.000,72.000,116.796,149.222,75.215
117.000,162.000,111.000,117.836,162.152,109.853
117.000,166.000,142.000,117.820,167.179,141.427
117.000,169.000,47.000,118.434,161.817,55.228
117.000,177.000,80.000,119.443,173.564,81.120
117.000,181.000,80.000,119.485,178.779,80.736
118.000,22.000,130.000,117.519,23.457,131.509
118.000,45.000,137.000,118.187,44.521,137.485
118.000,141.000,41.000,109.543,124.251,50.444
118.000,143.000,35.000,111.460,127.557,45.918
118.000,149.000,119.000,117.822,148.536,118.757
118.000,150.000,143.000,115.472,149.769,141.779
118.000,155.000,103.000,119.087,153.312,103.008
118.000,174.000,114.000,119.455,175.572,111.881
118.000,178.000,61.000,120.175,173.390,66.271
118.000,179.000,93.000,119.938,179.821,91.592
119.000,0.000,92.000,116.577,7.357,99.359
119.000,12.000,110.000,118.552,16.554,115.612
119.000,58.000,144.000,119.902,56.703,143.912
119.000,67.000,149.000,119.872,65.191,148.471
119.000,92.000,157.000,118.894,88.144,156.459
119.000,97.000,127.000,116.499,94.922,127.131
119.000,102.000,149.000,118.660,98.717,148.189
119.000,107.000,146.000,117.170,103.243,145.560
119.000,115.000,57.000,110.434,104.120,63.351
119.000,120.000,76.000,114.087,114.837,83.608
119.000,126.000,80.000,115.024,121.844,87.974
119.000,130.000,84.000,115.341,124.658,90.663
119.000,136.000,38.000,109.107,118.854,45.992
119.000,147.000,41.000,115.057,131.901,50.743
119.000,153.000,44.000,117.700,139.266,53.065
119.000,159.000,101.000,120.648,156.876,100.962
119.000,162.000,23.000,118.675,161.434,35.648
119.000,162.000,83.000,119.598,155.127,83.726
119.000,162.000,136.000,120.286,163.457,134.843
119.000,163.000,28.000,120.568,161.469,40.355
119.000,163.000,39.000,119.903,154.942,48.978
119.000,166.000,112.000,120.614,166.221,109.947
119.000,167.000,50.000,120.609,157.857,57.513
119.000,168.000,119.000,120.833,168.338,117.071
119.000,175.000,96.000,121.100,174.750,94.295
119.000,175.000,119.000,120.802,175.638,116.897
119.000,176.000,87.000,121.395,173.876,87.023
120.000,4.000,97.000,118.875,11.205,104.581
120.000,21.000,117.000,119.910,23.686,120.948
120.000,39.000,120.000,119.145,40.817,123.182
120.000,52.000,135.000,120.038,51.618,136.070
120.000,56.000,129.000,119.377,56.068,130.904
120.000,71.000,142.000,119.949,69.617,142.291
120.000,77.000,128.000,119.139,76.836,128.992
120.000,86.000,142.000,119.156,84.077,141.978
120.000,108.000,99.000,116.878,103.959,102.350
120.000,118.000,90.000,116.771,113.589,94.450
120.000,140.000,96.000,119.676,134.782,97.580
120.000,156.000,27.000,119.357,150.687,39.957
120.000,158.000,50.000,120.073,144.722,57.586
120.000,166.000,57.000,122.069,155.997,62.608
120.000,173.000,68.000,122.336,167.461,71.485
121.000,23.000,136.000,119.978,23.963,136.991
121.000,53.000,113.000,118.525,53.490,114.957
121.000,67.000,116.000,118.916,67.113,118.263
121.000,68.000,129.000,120.098,67.883,130.500
121.000,73.000,115.000,118.510,72.823,117.198
121.000,101.000,136.000,118.693,99.029,135.335
121.000,104.000,153.000,120.629,100.319,151.870
121.000,107.000,93.000,117.421,103.074,97.247
121.000,118.000,147.000,118.963,114.160,145.849
121.000,125.000,103.000,118.108,121.304,104.386
121.000,128.000,152.000,119.908,124.615,152.424
121.000,130.000,144.000,119.155,127.929,142.407
121.000,134.000,96.000,118.949,129.822,98.154
121.000,135.000,101.000,119.084,131.499,102.321
121.000,139.000,102.000,119.726,135.599,102.970
121.000,144.000,31.000,114.671,130.573,41.918
121.000,145.000,107.000,120.233,142.915,106.985
121.000,154.000,111.000,121.339,152.581,109.889
121.000,156.000,19.000,116.851,154.743,28.393
121.000,157.000,36.000,120.483,146.708,46.943
121.000,158.000,89.000,121.698,151.651,89.164
121.000,164.000,99.000,122.799,161.802,98.478
121.000,171.000,87.000,123.129,167.033,86.866
121.000,175.000,103.000,123.342,174.966,101.054
122.000,27.000,113.000,121.509,30.091,116.997
122.000,32.000,115.000,121.225,34.694,118.874
122.000,35.000,124.000,121.784,36.277,126.403
122.000,44.000,118.000,121.194,45.520,120.859
122.000,57.000,154.000,122.918,55.680,151.323
122.000,83.000,135.000,120.896,82.206,135.264
122.000,95.000,135.000,119.963,93.522,134.633
122.000,105.000,97.000,118.540,101.244,100.081
122.000,124.000,48.000,112.753,110.119,52.002
122.000,132.000,108.000,118.952,128.976,107.627
122.000,141.000,139.000,119.748,140.873,138.024
122.000,146.000,113.000,121.096,144.852,112.340
122.000,151.000,150.000,119.217,149.502,148.584
122.000,155.000,42.000,121.304,142.535,50.720
122.000,157.000,32.000,121.650,149.321,44.632
122.000,166.000,31.000,122.614,163.812,42.068
122.000,169.000,77.000,124.313,162.182,78.144
122.000,172.000,103.000,124.206,171.864,101.082
122.000,176.000,80.000,125.629,171.825,80.614
122.000,180.000,112.000,123.718,181.727,108.929
123.000,11.000,104.000,122.524,16.299,109.398
123.000,49.000,153.000,123.969,48.112,150.162
123.000,73.000,131.000,122.338,72.983,131.463
123.000,79.000,131.000,122.198,78.731,131.414
123.000,81.000,130.000,121.966,80.641,130.429
123.000,88.000,158.000,123.140,84.836,157.827
123.000,115.000,131.000,119.848,113.037,129.589
123.000,115.000,139.000,120.667,112.988,137.155
123.000,118.000,97.000,120.544,112.944,99.070
123.000,120.000,142.000,120.840,117.298,140.166
123.000,120.000,150.000,121.430,116.238,149.282
123.000,125.000,136.000,120.801,123.501,134.438
123.000,129.000,58.000,114.153,116.643,64.038
123.000,130.000,53.000,113.046,116.163,58.192
123.000,130.000,93.000,120.213,125.442,96.066
123.000,134.000,54.000,113.347,119.789,60.638
123.000,134.000,93.000,120.919,129.198,95.331
123.000,134.000,119.000,120.341,131.047,116.569
123.000,135.000,76.000,118.847,126.556,81.276
123.000,144.000,96.000,123.071,137.787,96.493
123.000,146.000,35.000,118.356,132.325,45.882
123.000,149.000,92.000,123.068,141.284,92.074
123.000,154.000,103.000,124.217,151.167,101.949
123.000,166.000,90.000,125.075,161.538,88.853
123.000,169.000,34.000,123.714,165.900,44.373
123.000,178.000,63.000,125.812,172.525,67.273
123.000,178.000,90.000,125.817,176.569,88.954
124.000,22.000,127.000,123.879,23.032,128.572
124.000,37.000,136.000,124.721,36.911,135.607
124.000,50.000,123.000,123.410,50.438,125.002
124.000,68.000,127.000,123.438,67.989,128.415
124.000,77.000,155.000,124.954,74.676,153.177
124.000,85.000,120.000,122.625,83.841,121.428
124.000,91.000,124.000,122.208,89.757,124.468
124.000,98.000,138.000,122.060,96.296,137.307
124.000,101.000,156.000,124.001,97.399,154.338
124.000,112.000,151.000,122.801,108.587,150.145
124.000,121.000,62.000,117.156,109.683,66.442
124.000,130.000,47.000,114.136,115.126,49.845
124.000,131.000,139.000,122.086,130.091,137.291
124.000,137.000,60.000,116.815,123.748,66.491
124.000,137.000,116.000,121.619,134.668,114.274
124.000,140.000,63.000,118.307,126.436,68.215
124.000,141.000,112.000,122.375,139.162,111.060
124.000,155.000,67.000,122.817,141.906,70.245
124.000,158.000,70.000,123.516,145.832,72.428
124.000,159.000,128.000,125.770,158.949,124.909
124.000,162.000,59.000,125.607,149.650,63.197
124.000,167.000,125.000,125.986,167.289,122.838
124.000,171.000,94.000,126.659,168.459,92.407
124.000,177.000,111.000,126.268,177.630,107.786
125.000,37.000,116.000,124.365,38.896,118.907
125.000,53.000,144.000,125.732,51.115,142.784
125.000,62.000,144.000,126.330,60.500,142.902
125.000,68.000,122.000,124.402,68.024,123.786
125.000,83.000,115.000,123.103,81.668,117.218
125.000,87.000,111.000,122.424,85.001,113.040
125.000,121.000,131.000,121.796,119.097,129.394
125.000,121.000,138.000,122.525,119.215,135.946
125.000,126.000,95.000,122.674,121.208,97.552
125.000,132.000,76.000,121.022,124.011,80.858
125.000,136.000,45.000,116.656,120.080,49.085
125.000,141.000,104.000,123.769,137.676,104.149
125.000,142.000,73.000,121.105,130.987,76.606
125.000,143.000,50.000,118.862,126.493,57.515
125.000,145.000,55.000,120.111,129.019,62.010
125.000,151.000,130.000,125.684,151.574,127.636
125.000,152.000,121.000,125.114,151.456,118.952
125.000,157.000,83.000,125.079,147.248,82.811
125.000,158.000,103.000,126.998,154.910,101.057
125.000,161.000,18.000,122.238,160.851,27.222
125.000,178.000,55.000,127.836,171.751,61.118
125.000,179.000,107.000,127.752,179.017,103.775
125.000,183.000,91.000,127.818,182.814,89.163
126.000,52.000,137.000,126.563,51.428,136.824
126.000,59.000,137.000,126.579,58.371,136.938
126.000,61.000,152.000,127.772,59.617,149.260
126.000,68.000,138.000,126.092,67.573,137.889
126.000,84.000,149.000,126.402,82.256,148.302
126.000,92.000,107.000,122.830,89.065,108.170
126.000,96.000,105.000,122.594,92.838,105.587
126.000,101.000,100.000,122.543,97.450,101.010
126.000,116.000,126.000,123.135,113.928,124.876
126.000,123.000,91.000,124.171,117.323,93.589
126.000,126.000,139.000,123.959,124.734,136.973
126.000,127.000,68.000,120.908,118.041,72.011
126.000,137.000,72.000,121.852,126.491,76.225
126.000,140.000,100.000,125.175,135.104,100.360
126.000,143.000,77.000,123.117,132.635,79.549
126.000,143.000,86.000,125.753,134.633,86.363
126.000,149.000,143.000,122.807,149.447,141.619
126.000,150.000,114.000,125.694,148.190,111.939
126.000,154.000,28.000,123.014,148.310,39.178
126.000,155.000,72.000,124.994,142.630,73.824
126.000,157.000,110.000,127.318,154.899,107.515
126.000,163.000,114.000,128.033,162.446,110.260
126.000,164.000,63.000,127.293,151.600,66.383
126.000,165.000,32.000,125.726,161.647,42.427
126.000,169.000,110.000,129.037,168.419,106.219
126.000,170.000,56.000,128.359,160.233,61.129
126.000,170.000,60.000,128.628,160.159,64.248
126.000,178.000,75.000,129.957,173.033,76.257
127.000,28.000,124.000,127.622,28.644,125.191
127.000,43.000,136.000,128.101,42.865,135.469
127.000,46.000,118.000,126.416,46.830,119.932
127.000,70.000,153.000,127.980,67.784,150.778
127.000,71.000,119.000,126.108,71.138,120.181
127.000,87.000,142.000,126.976,85.468,141.674
127.000,93.000,132.000,125.258,92.674,131.852
127.000,95.000,119.000,125.285,93.634,119.496
127.000,108.000,146.000,125.748,106.064,145.184
127.000,111.000,97.000,124.419,106.474,97.930
127.000,115.000,128.000,124.202,113.428,127.030
127.000,130.000,118.000,123.288,127.221,115.228
127.000,136.000,92.000,126.270,130.557,92.902
127.000,140.000,80.000,124.238,130.940,82.481
127.000,142.000,150.000,124.962,140.056,149.246
127.000,144.000,44.000,122.819,128.670,52.012
127.000,149.000,63.000,124.984,134.252,66.690
127.000,161.000,37.000,127.124,153.856,46.800
127.000,162.000,26.000,123.900,160.588,35.576
127.000,163.000,83.000,128.782,154.741,81.576
127.000,163.000,137.000,128.777,163.580,133.292
127.000,165.000,55.000,128.851,153.235,59.732
127.000,168.000,24.000,125.793,169.175,33.572
127.000,172.000,42.000,129.456,165.381,50.854
127.000,173.000,121.000,129.522,173.346,117.592
128.000,10.000,99.000,127.177,16.236,104.849
128.000,25.000,107.000,127.662,27.505,109.161
128.000,40.000,142.000,128.871,39.713,141.099
128.000,47.000,127.000,128.105,47.150,127.611
128.000,81.000,122.000,127.177,80.323,122.585
128.000,92.000,118.000,126.096,90.765,118.465
128.000,99.000,141.000,126.643,97.507,140.010
128.000,107.000,56.000,124.313,89.739,61.941
128.000,112.000,124.000,125.660,110.416,123.273
128.000,116.000,60.000,123.829,100.499,63.986
128.000,121.000,133.000,124.734,119.412,131.160
128.000,124.000,120.000,124.533,121.439,117.734
128.000,127.000,82.000,125.886,119.155,85.700
128.000,136.000,102.000,126.457,131.440,101.941
128.000,136.000,114.000,125.773,133.594,111.927
128.000,143.000,95.000,127.948,136.356,94.566
128.000,144.000,103.000,127.876,140.254,102.340
128.000,146.000,82.000,128.161,135.658,81.795
128.000,148.000,74.000,126.152,136.119,75.735
128.000,153.000,82.000,128.060,142.020,81.420
128.000,162.000,62.000,128.855,148.439,65.268
128.000,166.000,39.000,129.895,159.378,48.048
128.000,175.000,47.000,131.078,168.119,54.879
128.000,176.000,95.000,131.965,173.541,92.890
128.000,182.000,69.000,131.966,177.747,70.989
129.000,1.000,99.000,126.760,7.932,108.052
129.000,32.000,135.000,129.230,31.999,134.520
129.000,53.000,120.000,128.839,53.236,120.675
129.000,87.000,158.000,130.491,84.396,156.518
129.000,100.000,143.000,127.928,98.502,141.833
129.000,119.000,104.000,126.112,114.839,103.894
129.000,125.000,93.000,127.315,119.378,94.763
129.000,127.000,153.000,128.804,125.590,154.721
129.000,132.000,128.000,125.938,131.567,127.007
129.000,142.000,135.000,126.135,143.245,133.902
129.000,143.000,69.000,126.575,130.070,71.347
129.000,147.000,47.000,126.894,133.807,54.762
129.000,147.000,58.000,126.908,131.918,62.927
129.000,158.000,56.000,129.590,144.509,60.136
129.000,162.000,20.000,124.657,162.929,25.901
129.000,163.000,44.000,131.240,154.057,51.572
129.000,169.000,117.000,131.615,169.035,112.763
129.000,169.000,129.000,131.405,169.278,124.766
129.000,171.000,38.000,131.659,166.377,47.086
130.000,4.000,108.000,128.668,11.510,117.039
130.000,24.000,119.000,130.603,25.311,121.000
130.000,50.000,143.000,131.144,48.438,141.316
130.000,61.000,153.000,131.993,59.797,149.401
130.000,67.000,145.000,131.523,65.706,142.543
130.000,69.000,131.000,130.030,68.931,130.945
130.000,90.000,148.000,130.221,88.268,146.271
130.000,93.000,112.000,127.569,90.955,112.026
130.000,102.000,114.000,128.003,99.518,113.964
130.000,102.000,124.000,128.081,101.557,123.429
130.000,103.000,105.000,127.678,99.074,104.402
130.000,109.000,107.000,127.824,104.940,105.977
130.000,109.000,128.000,128.003,108.466,126.807
130.000,115.000,135.000,127.753,114.915,133.065
130.000,117.000,95.000,127.871,111.843,95.636
130.000,118.000,69.000,127.999,104.001,70.610
130.000,119.000,117.000,127.216,116.974,115.486
130.000,121.000,127.000,126.535,119.240,125.900
130.000,122.000,60.000,125.934,108.653,63.898
130.000,122.000,147.000,128.447,119.663,144.885
130.000,139.000,55.000,125.342,124.642,60.794
130.000,142.000,83.000,129.411,132.401,83.179
130.000,154.000,150.000,127.375,153.206,149.148
130.000,158.000,72.000,130.237,145.187,72.667
130.000,159.000,96.000,133.734,154.521,93.566
130.000,161.000,56.000,131.463,148.146,59.870
130.000,163.000,123.000,132.008,162.752,118.572
130.000,163.000,130.000,132.064,163.066,125.623
130.000,168.000,78.000,133.072,159.437,77.840
130.000,175.000,53.000,133.585,166.998,59.278
131.000,47.000,149.000,131.489,45.148,147.085
131.000,57.000,153.000,132.840,55.943,149.289
131.000,67.000,148.000,132.803,65.464,144.829
131.000,75.000,158.000,132.393,73.033,154.224
131.000,76.000,141.000,132.023,75.645,139.788
131.000,79.000,116.000,129.656,78.391,115.949
131.000,96.000,157.000,132.029,93.421,155.196
131.000,98.000,122.000,129.130,97.772,121.644
131.000,101.000,146.000,130.391,99.622,144.460
131.000,103.000,118.000,129.005,101.066,117.911
131.000,107.000,87.000,129.920,102.635,89.075
131.000,113.000,95.000,128.854,108.095,95.118
131.000,117.000,111.000,128.068,113.347,109.167
131.000,121.000,123.000,127.619,119.439,121.747
131.000,123.000,85.000,130.581,113.873,86.422
131.000,129.000,86.000,130.058,121.633,88.126
131.000,130.000,54.000,126.024,117.621,58.463
131.000,132.000,83.000,129.254,123.755,85.537
131.000,135.000,98.000,129.861,129.675,97.866
131.000,147.000,138.000,127.934,148.593,136.723
131.000,171.000,109.000,134.744,169.365,104.346
131.000,176.000,106.000,135.037,174.114,101.834
131.000,178.000,79.000,135.610,171.971,78.818
132.000,5.000,94.000,131.050,10.752,100.603
132.000,13.000,103.000,131.880,18.233,107.134
132.000,32.000,114.000,132.387,33.702,114.751
132.000,34.000,134.000,133.120,33.864,133.345
132.000,64.000,158.000,133.077,63.228,153.807
132.000,77.000,160.000,133.372,74.870,156.059
132.000,80.000,159.000,133.594,77.717,155.416
132.000,102.000,100.000,128.895,98.042,99.038
132.000,107.000,59.000,128.251,89.856,63.013
132.000,109.000,81.000,131.762,101.716,83.321
132.000,118.000,72.000,130.739,103.872,72.700
132.000,121.000,107.000,128.887,117.374,105.674
132.000,124.000,78.000,130.734,112.625,79.719
132.000,125.000,98.000,130.006,120.567,98.398
132.000,127.000,79.000,130.733,116.472,80.862
132.000,128.000,137.000,129.846,127.928,134.964
132.000,135.000,53.000,127.769,122.425,58.179
132.000,138.000,93.000,131.797,131.454,92.453
132.000,140.000,143.000,129.835,140.073,141.103
132.000,144.000,98.000,132.378,138.109,95.873
132.000,154.000,131.000,133.074,153.837,126.346
132.000,156.000,118.000,133.790,154.140,112.332
132.000,171.000,73.000,135.815,162.349,73.972
133.000,14.000,99.000,132.929,18.499,102.944
133.000,24.000,110.000,133.048,26.690,110.645
133.000,56.000,140.000,134.896,55.026,137.860
133.000,62.000,138.000,134.355,61.498,136.019
133.000,66.000,134.000,133.397,65.817,132.418
133.000,69.000,116.000,132.706,68.948,115.341
133.000,75.000,153.000,134.911,73.938,149.214
133.000,85.000,130.000,133.046,84.463,129.482
133.000,95.000,127.000,131.891,95.163,125.985
133.000,98.000,150.000,133.270,96.558,148.143
133.000,100.000,97.000,129.631,96.083,96.375
133.000,100.000,108.000,130.934,96.697,106.478
133.000,113.000,107.000,130.209,109.290,105.159
133.000,115.000,123.000,130.635,114.449,122.037
133.000,125.000,126.000,129.305,123.796,124.839
133.000,138.000,111.000,132.902,135.801,107.546
133.000,151.000,46.000,132.505,140.878,53.365
133.000,160.000,92.000,137.165,153.972,89.358
133.000,163.000,25.000,130.465,164.156,31.940
133.000,163.000,43.000,137.369,157.382,50.329
133.000,169.000,93.000,137.557,164.419,90.385
133.000,171.000,111.000,136.710,169.435,105.913
133.000,173.000,61.000,137.162,163.872,64.951
133.000,174.000,73.000,137.549,165.924,73.476
134.000,13.000,115.000,131.705,16.813,120.676
134.000,29.000,104.000,133.874,30.726,104.011
134.000,50.000,133.000,135.524,49.790,131.457
134.000,51.000,146.000,135.066,49.495,143.670
134.000,56.000,132.000,135.695,55.981,130.453
134.000,59.000,127.000,135.449,59.194,126.000
134.000,74.000,122.000,134.162,74.440,120.781
134.000,112.000,65.000,131.382,96.277,67.066
134.000,112.000,72.000,132.793,98.345,72.400
134.000,121.000,83.000,133.623,110.068,82.382
134.000,123.000,59.000,131.080,109.943,62.925
134.000,137.000,131.000,131.197,138.881,129.829
134.000,146.000,146.000,131.550,146.033,144.110
134.000,153.000,111.000,136.116,149.605,105.132
134.000,160.000,87.000,137.572,151.725,84.525
134.000,161.000,20.000,131.563,163.862,25.528
134.000,169.000,83.000,138.112,160.919,81.181
135.000,5.000,102.000,133.939,11.790,110.485
135.000,8.000,111.000,133.127,13.812,118.471
135.000,15.000,105.000,134.877,19.356,108.330
135.000,22.000,100.000,134.853,24.626,100.956
135.000,36.000,124.000,136.837,36.486,123.672
135.000,42.000,130.000,136.360,41.902,128.945
135.000,54.000,133.000,136.875,53.840,131.116
135.000,63.000,146.000,137.231,62.066,142.391
135.000,87.000,154.000,136.879,85.329,151.331
135.000,101.000,90.000,132.134,98.176,90.523
135.000,102.000,139.000,134.516,102.022,137.501
135.000,106.000,82.000,134.820,99.923,83.819
135.000,129.000,115.000,132.531,127.837,111.736
135.000,132.000,96.000,134.001,125.755,94.718
135.000,165.000,108.000,138.996,162.026,102.202
135.000,172.000,90.000,139.938,166.417,87.412
135.000,172.000,127.000,138.047,172.277,120.655
135.000,181.000,89.000,140.445,176.728,86.181
136.000,40.000,105.000,134.384,39.877,102.968
136.000,46.000,140.000,137.395,45.313,137.367
136.000,92.000,111.000,134.510,90.540,108.257
136.000,98.000,103.000,133.164,94.279,100.339
136.000,102.000,118.000,134.318,100.585,116.609
136.000,103.000,145.000,135.716,102.656,142.986
136.000,112.000,124.000,133.968,113.306,121.992
136.000,119.000,120.000,133.146,119.317,118.487
136.000,134.000,147.000,134.107,133.740,145.056
136.000,136.000,91.000,135.971,127.478,88.393
136.000,138.000,136.000,133.228,139.674,134.325
136.000,142.000,135.000,133.023,143.958,133.170
136.000,143.000,152.000,134.073,142.457,150.610
136.000,146.000,74.000,136.966,133.001,72.751
136.000,146.000,86.000,136.476,134.689,83.591
136.000,147.000,84.000,136.613,135.225,81.572
136.000,151.000,42.000,134.967,143.396,50.068
136.000,154.000,103.000,139.860,149.526,97.666
136.000,155.000,78.000,137.984,142.944,76.027
136.000,161.000,130.000,138.467,160.375,122.517
136.000,178.000,64.000,141.818,170.021,66.361
137.000,21.000,120.000,136.035,22.770,123.244
137.000,52.000,119.000,138.711,52.525,117.242
137.000,56.000,138.000,139.028,55.603,135.464
137.000,57.000,109.000,135.096,55.973,106.235
137.000,66.000,135.000,138.729,65.743,132.876
137.000,82.000,137.000,138.489,81.918,135.351
137.000,83.000,112.000,135.864,82.203,109.506
137.000,95.000,106.000,135.181,92.294,102.559
137.000,95.000,129.000,136.745,95.499,127.693
137.000,98.000,87.000,134.287,95.647,87.264
137.000,110.000,147.000,136.923,109.878,144.984
137.000,111.000,142.000,136.493,111.243,140.329
137.000,112.000,107.000,134.754,109.512,104.829
137.000,120.000,155.000,136.833,119.183,153.927
137.000,126.000,60.000,135.565,114.311,63.807
137.000,134.000,67.000,138.461,121.658,67.564
137.000,138.000,84.000,136.611,127.378,82.287
137.000,140.000,61.000,137.892,127.021,63.084
137.000,146.000,101.000,139.026,140.118,96.402
137.000,149.000,92.000,139.060,139.912,88.420
137.000,156.000,122.000,139.193,154.434,114.956
137.000,162.000,33.000,139.967,160.975,41.936
137.000,163.000,116.000,139.744,161.021,109.874
137.000,178.000,55.000,143.117,171.437,59.423
137.000,178.000,96.000,143.060,174.710,92.103
138.000,17.000,111.000,136.668,20.515,114.587
138.000,17.000,118.000,135.621,19.634,123.009
138.000,52.000,107.000,135.989,49.799,103.762
138.000,62.000,118.000,139.240,62.198,116.170
138.000,72.000,111.000,137.376,71.615,108.718
138.000,84.000,109.000,136.432,82.980,105.939
138.000,102.000,64.000,135.325,85.689,66.992
138.000,107.000,66.000,136.060,91.930,67.602
138.000,116.000,135.000,136.158,116.477,132.933
138.000,116.000,152.000,137.831,115.279,150.049
138.000,127.000,138.000,135.802,127.523,136.042
138.000,140.000,145.000,135.927,140.187,142.996
138.000,142.000,74.000,139.599,129.653,72.265
138.000,150.000,44.000,138.354,142.928,51.307
138.000,151.000,100.000,141.514,145.298,94.698
138.000,151.000,142.000,135.351,152.731,140.087
138.000,154.000,90.000,141.591,145.042,85.960
138.000,167.000,39.000,144.178,163.325,46.707
138.000,168.000,26.000,140.742,171.077,33.385
138.000,172.000,78.000,143.287,163.499,76.881
139.000,8.000,96.000,138.978,12.064,101.203
139.000,24.000,100.000,138.998,26.158,99.957
139.000,32.000,127.000,140.361,32.481,127.082
139.000,35.000,127.000,140.754,35.536,126.128
139.000,36.000,111.000,139.414,36.939,109.676
139.000,44.000,117.000,140.824,44.463,115.082
139.000,63.000,126.000,141.020,63.120,124.101
139.000,69.000,137.000,141.036,68.755,134.393
139.000,74.000,145.000,141.040,73.909,141.166
139.000,93.000,142.000,139.771,92.811,139.763
139.000,95.000,136.000,139.240,95.163,134.341
139.000,96.000,116.000,138.122,95.563,112.979
139.000,104.000,153.000,139.637,103.194,150.444
139.000,122.000,63.000,138.618,109.792,65.725
139.000,124.000,141.000,137.211,124.262,138.705
139.000,131.000,142.000,136.928,131.688,139.880
139.000,137.000,141.000,136.774,137.971,139.007
139.000,142.000,112.000,140.787,139.695,106.205
139.000,143.000,145.000,136.634,143.530,143.049
139.000,155.000,108.000,142.846,151.082,101.127
139.000,156.000,60.000,144.156,145.956,62.035
139.000,159.000,75.000,142.486,147.871,73.495
139.000,160.000,83.000,143.015,150.062,80.154
139.000,164.000,132.000,141.379,163.408,124.099
139.000,168.000,113.000,142.954,165.936,106.726
139.000,171.000,86.000,144.294,163.400,83.305
139.000,174.000,108.000,144.127,172.008,101.985
139.000,180.000,82.000,145.047,173.347,79.872
140.000,30.000,109.000,140.510,31.723,108.137
140.000,34.000,101.000,139.346,35.329,99.373
140.000,46.000,104.000,137.906,44.642,100.487
140.000,65.000,148.000,142.101,64.923,143.688
140.000,69.000,125.000,141.947,69.167,123.021
140.000,72.000,151.000,142.034,71.879,146.640
140.000,85.000,125.000,140.455,85.830,122.852
140.000,91.000,153.000,141.980,90.487,149.717
140.000,102.000,141.000,139.851,102.340,138.735
140.000,117.000,83.000,142.257,106.712,79.590
140.000,133.000,100.000,140.491,125.271,95.066
140.000,152.000,145.000,138.029,153.506,142.913
140.000,154.000,87.000,143.561,144.063,83.046
140.000,159.000,125.000,142.699,157.296,116.973
140.000,162.000,101.000,145.516,157.599,95.516
140.000,174.000,106.000,145.570,171.777,100.171
141.000,51.000,126.000,143.119,51.228,123.467
141.000,60.000,142.000,143.278,59.571,138.371
141.000,86.000,102.000,138.573,84.381,98.175
141.000,96.000,146.000,141.637,95.969,143.151
141.000,108.000,118.000,139.981,108.065,115.747
141.000,115.000,65.000,141.030,102.104,66.381
141.000,117.000,86.000,143.712,107.728,81.892
141.000,123.000,144.000,139.646,123.429,141.246
141.000,135.000,128.000,138.053,137.088,126.377
141.000,152.000,67.000,144.915,140.625,66.788
141.000,157.000,101.000,146.167,152.060,95.067
141.000,164.000,63.000,147.035,154.543,64.070
141.000,168.000,74.000,146.726,158.679,73.105
141.000,172.000,43.000,148.144,168.215,49.678
141.000,177.000,76.000,148.042,169.210,74.683
142.000,31.000,99.000,141.587,32.755,97.967
142.000,62.000,120.000,143.983,62.629,117.796
142.000,77.000,107.000,140.917,76.284,103.259
142.000,90.000,119.000,142.494,91.221,115.412
142.000,97.000,67.000,139.657,82.944,69.392
142.000,97.000,96.000,138.793,94.257,92.984
142.000,103.000,126.000,141.885,104.896,124.163
142.000,114.000,84.000,145.192,104.529,80.250
142.000,115.000,72.000,143.942,103.081,70.770
142.000,132.000,61.000,142.797,120.938,63.362
142.000,135.000,116.000,141.284,136.783,112.233
142.000,139.000,93.000,143.983,129.342,87.361
142.000,139.000,105.000,144.180,133.065,98.923
142.000,147.000,51.000,144.913,139.136,56.078
142.000,155.000,53.000,148.133,146.858,56.133
142.000,157.000,117.000,145.775,154.841,108.956
142.000,162.000,29.000,147.325,164.440,37.769
142.000,169.000,89.000,147.977,161.439,85.055
143.000,43.000,124.000,145.407,43.755,121.457
143.000,46.000,100.000,141.119,45.176,96.034
143.000,61.000,133.000,145.045,60.742,129.453
143.000,89.000,137.000,144.255,89.280,134.012
143.000,96.000,109.000,142.160,95.320,104.169
143.000,97.000,90.000,139.688,94.708,88.103
143.000,110.000,103.000,140.840,107.881,99.417
143.000,121.000,120.000,140.481,123.095,117.983
143.000,123.000,80.000,145.471,112.863,76.020
143.000,131.000,98.000,144.133,122.638,92.164
143.000,135.000,78.000,145.078,124.647,74.511
143.000,138.000,132.000,140.344,140.520,129.945
143.000,149.000,73.000,146.587,137.499,70.481
143.000,152.000,71.000,147.057,140.829,69.243
143.000,161.000,54.000,150.257,153.142,56.870
143.000,162.000,117.000,147.082,159.827,109.179
143.000,169.000,52.000,150.888,162.818,56.330
143.000,169.000,103.000,149.248,165.686,96.833
143.000,169.000,110.000,148.079,166.607,102.844
143.000,170.000,81.000,149.113,161.894,78.781
143.000,171.000,58.000,150.652,163.802,60.457
143.000,172.000,71.000,149.978,163.228,70.548
144.000,16.000,97.000,144.282,19.049,98.713
144.000,52.000,135.000,146.003,51.676,131.787
144.000,74.000,129.000,146.062,74.254,126.242
144.000,76.000,111.000,144.001,76.001,106.994
144.000,80.000,105.000,142.592,79.161,100.156
144.000,82.000,94.000,141.835,80.787,91.331
144.000,93.000,100.000,141.374,90.880,95.710
144.000,106.000,70.000,144.166,91.328,71.144
144.000,106.000,109.000,142.847,105.063,104.814
144.000,116.000,106.000,142.507,114.655,102.538
144.000,122.000,124.000,141.554,124.368,121.843
144.000,125.000,65.000,145.774,114.269,66.433
144.000,125.000,110.000,141.758,124.562,106.480
144.000,133.000,70.000,146.705,122.241,68.791
144.000,134.000,143.000,142.108,135.241,140.227
144.000,137.000,90.000,146.519,127.347,84.411
144.000,139.000,102.000,146.576,131.484,95.341
144.000,142.000,56.000,146.782,133.194,59.216
144.000,145.000,98.000,147.230,137.023,91.695
144.000,150.000,60.000,148.995,139.799,61.366
144.000,155.000,61.000,149.982,145.048,62.196
144.000,174.000,80.000,151.140,166.518,77.533
145.000,9.000,90.000,143.350,14.692,89.880
145.000,24.000,97.000,144.984,26.603,97.006
145.000,31.000,114.000,146.399,32.518,112.869
145.000,34.000,97.000,144.180,35.900,95.407
145.000,42.000,112.000,146.999,43.315,109.861
145.000,64.000,126.000,147.447,64.395,122.959
145.000,72.000,107.000,144.708,72.032,103.170
145.000,86.000,89.000,143.690,85.119,87.650
145.000,89.000,143.000,146.924,89.072,139.132
145.000,102.000,109.000,144.324,101.431,104.461
145.000,103.000,131.000,144.995,104.912,128.595
145.000,105.000,147.000,145.184,105.280,143.641
145.000,106.000,95.000,142.391,102.451,91.103
145.000,111.000,72.000,147.183,98.338,70.750
145.000,120.000,148.000,144.268,120.720,144.671
145.000,128.000,144.000,143.667,129.220,140.918
145.000,140.000,69.000,148.633,128.767,67.345
145.000,145.000,104.000,148.539,138.456,96.538
145.000,150.000,68.000,149.662,138.832,66.902
145.000,154.000,54.000,151.762,145.616,56.355
145.000,157.000,37.000,152.219,158.123,46.238
145.000,161.000,30.000,151.624,163.286,39.759
145.000,162.000,46.000,153.220,157.335,51.704
146.000,50.000,108.000,147.670,50.414,105.711
146.000,54.000,132.000,148.108,53.916,128.114
146.000,56.000,106.000,146.641,55.094,102.755
146.000,56.000,120.000,148.680,56.908,117.054
146.000,62.000,110.000,147.291,62.326,106.844
146.000,65.000,121.000,148.208,65.949,117.963
146.000,80.000,140.000,148.081,80.183,135.404
146.000,85.000,147.000,148.467,84.994,142.586
146.000,88.000,148.000,148.321,88.176,143.722
146.000,91.000,70.000,143.427,78.519,71.177
146.000,94.000,88.000,142.171,92.130,86.141
146.000,113.000,115.000,145.039,113.741,111.466
146.000,119.000,152.000,145.641,119.482,148.660
146.000,120.000,136.000,145.284,122.171,133.470
146.000,133.000,96.000,148.461,124.783,89.757
146.000,134.000,124.000,143.767,136.647,121.492
146.000,145.000,67.000,150.255,133.532,66.106
146.000,165.000,100.000,152.964,160.149,93.929
146.000,168.000,43.000,153.945,165.761,49.650
146.000,168.000,65.000,153.682,159.240,65.115
146.000,172.000,79.000,153.551,164.506,76.286
147.000,3.000,86.000,144.936,9.945,85.481
147.000,44.000,122.000,149.747,45.058,119.178
147.000,69.000,106.000,147.333,69.111,102.096
147.000,86.000,83.000,145.637,83.285,82.494
147.000,86.000,94.000,144.742,84.726,91.106
147.000,89.000,114.000,147.450,90.464,108.556
147.000,97.000,135.000,147.392,98.413,131.588
147.000,108.000,152.000,147.181,108.230,147.831
147.000,111.000,107.000,145.832,110.467,102.722
147.000,132.000,64.000,149.640,121.655,64.778
147.000,136.000,144.000,145.374,137.537,140.831
147.000,144.000,139.000,145.959,145.924,135.685
147.000,148.000,103.000,151.421,141.621,95.504
147.000,155.000,86.000,152.417,145.776,81.439
148.000,38.000,102.000,148.191,39.810,99.438
148.000,45.000,106.000,149.277,45.998,103.289
148.000,86.000,130.000,149.293,87.226,126.140
148.000,88.000,71.000,145.867,75.503,71.675
148.000,100.000,108.000,147.414,99.740,102.364
148.000,100.000,141.000,148.037,101.194,136.983
148.000,116.000,76.000,152.453,105.623,71.897
148.000,122.000,128.000,146.163,124.843,125.078
148.000,126.000,92.000,152.336,117.744,85.128
148.000,129.000,111.000,148.494,128.161,104.818
148.000,135.000,60.000,151.375,126.313,61.505
148.000,146.000,86.000,152.237,136.009,80.190
148.000,156.000,118.000,152.728,153.404,108.597
148.000,165.000,89.000,155.307,157.489,83.953
148.000,170.000,59.000,156.585,163.271,60.614
148.000,170.000,84.000,155.733,162.641,79.267
149.000,27.000,90.000,147.897,30.262,89.801
149.000,74.000,137.000,150.990,74.209,132.228
149.000,81.000,102.000,147.757,80.376,95.830
149.000,87.000,118.000,150.864,88.946,113.214
149.000,95.000,74.000,148.029,84.499,75.015
149.000,96.000,93.000,146.422,94.019,89.264
149.000,99.000,128.000,149.589,101.145,124.606
149.000,103.000,113.000,149.130,103.878,107.693
149.000,112.000,100.000,148.028,109.489,94.992
149.000,115.000,148.000,148.450,115.987,143.883
149.000,123.000,81.000,153.416,113.390,75.452
149.000,135.000,122.000,148.656,136.582,117.309
149.000,139.000,112.000,152.959,133.465,101.907
149.000,153.000,52.000,156.664,145.856,54.586
149.000,155.000,82.000,154.871,145.349,77.257
149.000,160.000,63.000,156.632,150.476,62.770
149.000,163.000,80.000,156.264,154.428,76.160
149.000,166.000,49.000,158.226,161.916,53.327
150.000,13.000,89.000,148.446,19.071,88.229
150.000,64.000,130.000,152.541,64.546,125.653
150.000,70.000,97.000,149.413,69.060,91.037
150.000,71.000,135.000,152.157,71.286,130.406
150.000,90.000,136.000,151.299,91.093,131.496
150.000,93.000,74.000,149.059,82.050,74.711
150.000,108.000,140.000,150.033,109.714,135.571
150.000,109.000,128.000,149.965,111.646,124.592
150.000,111.000,82.000,154.803,101.690,76.454
150.000,113.000,116.000,149.588,114.976,111.569
150.000,122.000,78.000,154.706,112.230,72.881
150.000,123.000,118.000,148.403,125.868,114.551
150.000,130.000,133.000,148.570,132.605,129.999
150.000,136.000,96.000,154.256,127.732,88.652
150.000,145.000,62.000,155.264,134.635,62.328
150.000,156.000,110.000,155.890,151.714,100.848
150.000,158.000,37.000,158.087,159.947,45.257
150.000,160.000,73.000,157.303,150.654,70.371
150.000,164.000,42.000,157.996,163.611,48.941
150.000,165.000,80.000,157.866,156.839,76.002
151.000,44.000,93.000,149.625,45.702,89.233
151.000,46.000,101.000,151.775,46.934,97.057
151.000,50.000,126.000,153.865,50.987,121.598
151.000,76.000,86.000,149.096,75.637,84.244
151.000,76.000,101.000,150.456,75.477,94.510
151.000,81.000,91.000,149.380,80.048,87.725
151.000,90.000,73.000,150.246,77.249,73.271
151.000,100.000,122.000,151.750,102.372,117.705
151.000,112.000,122.000,150.772,114.816,118.120
151.000,116.000,90.000,155.514,109.191,82.183
151.000,138.000,73.000,156.764,127.674,68.900
151.000,154.000,44.000,158.968,151.886,49.871
151.000,160.000,87.000,158.576,152.026,81.618
152.000,61.000,93.000,151.017,61.112,87.971
152.000,64.000,88.000,150.166,64.172,84.087
152.000,67.000,88.000,150.011,67.068,84.487
152.000,73.000,130.000,154.960,73.793,125.236
152.000,80.000,120.000,154.261,82.065,115.321
152.000,85.000,113.000,153.475,86.756,106.861
152.000,129.000,89.000,157.685,120.833,81.234
152.000,131.000,138.000,151.657,133.414,134.141
152.000,148.000,70.000,159.080,137.795,67.170
152.000,153.000,63.000,159.692,142.897,62.023
152.000,164.000,57.000,161.112,157.006,58.386
153.000,24.000,96.000,152.538,27.409,95.044
153.000,30.000,86.000,151.292,33.972,85.543
153.000,83.000,72.000,151.535,73.417,72.401
153.000,98.000,103.000,152.280,97.303,96.901
153.000,101.000,127.000,153.731,103.373,122.548
153.000,105.000,112.000,153.130,106.106,106.067
153.000,107.000,71.000,156.141,95.512,69.469
153.000,141.000,93.000,159.072,132.386,86.160
153.000,151.000,90.000,160.178,142.453,83.956
154.000,27.000,88.000,152.303,30.929,87.246
154.000,36.000,95.000,154.368,38.246,91.231
154.000,41.000,97.000,154.483,42.746,92.810
154.000,54.000,108.000,156.491,54.407,103.060
154.000,56.000,115.000,157.028,57.174,110.319
154.000,62.000,102.000,154.626,61.981,96.114
154.000,70.000,125.000,157.355,71.429,119.728
154.000,73.000,89.000,152.264,72.841,86.016
154.000,73.000,116.000,156.202,74.720,110.173
154.000,95.000,83.000,155.168,90.372,79.649
154.000,107.000,136.000,154.449,109.521,130.945
154.000,119.000,135.000,153.937,121.934,130.658
154.000,127.000,96.000,159.388,119.738,87.590
154.000,156.000,66.000,162.199,145.796,64.031
154.000,156.000,77.000,162.248,147.239,72.902
155.000,15.000,77.000,152.964,22.004,76.816
155.000,25.000,92.000,153.931,28.786,90.774
155.000,26.000,81.000,152.677,30.390,81.164
155.000,34.000,101.000,156.689,36.106,96.917
155.000,35.000,82.000,153.190,38.312,81.086
155.000,55.000,99.000,155.834,55.069,93.379
155.000,63.000,111.000,157.289,64.447,105.072
155.000,71.000,81.000,153.706,70.739,79.696
155.000,81.000,100.000,154.879,80.384,93.148
155.000,90.000,130.000,156.706,91.978,124.767
155.000,93.000,87.000,155.736,89.835,83.039
155.000,97.000,134.000,156.088,98.963,128.389
155.000,105.000,107.000,154.900,105.106,100.962
155.000,114.000,71.000,160.441,105.409,69.798
155.000,125.000,76.000,161.059,115.234,70.605
155.000,145.000,56.000,162.749,140.672,57.280
155.000,157.000,38.000,163.034,158.664,44.761
156.000,71.000,87.000,154.462,70.928,84.481
156.000,110.000,81.000,162.000,100.755,74.569
156.000,123.000,91.000,162.129,115.517,82.651
156.000,125.000,121.000,155.655,127.877,116.093
156.000,152.000,41.000,164.253,152.040,46.238
156.000,159.000,56.000,165.970,152.350,56.428
157.000,21.000,81.000,154.914,26.434,80.709
157.000,26.000,77.000,154.292,30.327,77.601
157.000,51.000,88.000,155.598,52.336,83.737
157.000,52.000,95.000,157.313,52.850,90.115
157.000,63.000,113.000,159.636,64.528,106.737
157.000,89.000,109.000,158.654,90.649,101.913
157.000,92.000,100.000,157.239,91.584,93.973
157.000,133.000,66.000,166.280,123.922,61.283
157.000,133.000,74.000,165.006,122.991,68.049
157.000,134.000,83.000,164.290,125.021,76.400
157.000,142.000,99.000,164.822,133.895,91.240
157.000,147.000,87.000,164.912,138.416,80.658
157.000,153.000,48.000,166.109,150.508,51.201
158.000,26.000,85.000,156.042,29.913,84.035
158.000,30.000,87.000,156.719,33.692,85.352
158.000,38.000,99.000,159.909,39.604,93.690
158.000,42.000,89.000,157.563,44.101,85.303
158.000,44.000,90.000,157.800,45.851,85.948
158.000,56.000,108.000,160.451,56.296,101.588
158.000,68.000,79.000,158.164,68.029,77.921
158.000,96.000,88.000,160.654,92.151,83.094
158.000,99.000,78.000,163.341,90.439,72.826
158.000,111.000,110.000,159.235,113.022,104.053
158.000,120.000,70.000,163.804,112.541,67.672
158.000,121.000,88.000,164.723,113.133,79.592
158.000,142.000,69.000,167.008,131.799,64.476
158.000,146.000,55.000,167.019,143.307,56.306
158.000,149.000,80.000,166.613,139.949,74.385
159.000,43.000,103.000,161.316,44.160,97.438
159.000,50.000,104.000,161.191,49.870,97.877
159.000,56.000,84.000,158.452,57.527,81.305
159.000,81.000,84.000,160.057,79.250,81.247
159.000,85.000,73.000,160.196,75.831,72.057
159.000,94.000,79.000,164.388,86.631,73.787
159.000,106.000,76.000,165.174,96.069,71.167
159.000,107.000,117.000,160.037,109.016,110.072
159.000,137.000,60.000,168.702,131.714,58.137
160.000,60.000,104.000,161.951,60.214,97.127
160.000,81.000,105.000,162.009,81.519,98.044
160.000,121.000,73.000,165.990,113.074,68.471
160.000,136.000,102.000,166.397,129.052,91.990
160.000,140.000,82.000,168.126,130.726,75.684
160.000,145.000,51.000,169.715,142.805,52.679
161.000,29.000,81.000,158.739,32.575,79.922
161.000,33.000,72.000,158.457,35.519,72.751
161.000,58.000,76.000,161.635,60.086,76.613
161.000,65.000,73.000,162.245,64.912,73.746
161.000,66.000,70.000,162.164,65.612,70.952
161.000,89.000,94.000,162.705,87.798,88.887
161.000,110.000,82.000,168.356,100.865,74.527
161.000,123.000,95.000,167.408,116.757,86.161
161.000,142.000,70.000,171.607,131.835,64.573
162.000,36.000,80.000,160.524,38.685,78.591
162.000,38.000,85.000,161.437,40.390,82.275
162.000,67.000,90.000,163.015,66.164,85.502
162.000,69.000,84.000,162.654,68.582,81.821
162.000,75.000,109.000,164.826,75.995,102.083
162.000,78.000,92.000,163.511,76.461,87.261
162.000,94.000,106.000,164.303,94.874,99.056
162.000,126.000,84.000,169.507,117.110,76.684
162.000,149.000,42.000,171.557,148.863,45.135
163.000,22.000,73.000,160.083,27.276,72.590
163.000,93.000,77.000,170.424,82.626,70.892
163.000,101.000,76.000,170.802,90.695,70.081
163.000,113.000,88.000,170.765,105.355,79.448
163.000,118.000,80.000,170.388,108.935,72.560
163.000,129.000,67.000,174.600,119.196,60.972
163.000,136.000,69.000,174.241,126.386,63.092
163.000,150.000,37.000,172.683,151.057,40.806
164.000,45.000,77.000,163.312,46.234,76.248
164.000,97.000,74.000,171.822,85.493,68.197
164.000,98.000,95.000,167.012,96.300,89.638
164.000,100.000,96.000,166.967,98.212,90.462
164.000,116.000,69.000,172.102,107.753,67.244
164.000,129.000,83.000,171.838,119.381,77.119
165.000,29.000,72.000,162.495,32.144,72.251
165.000,37.000,76.000,163.577,38.887,75.479
165.000,52.000,75.000,166.010,54.580,75.794
165.000,68.000,77.000,166.948,67.137,77.027
165.000,93.000,94.000,167.926,91.425,89.054
165.000,99.000,86.000,171.896,92.699,79.390
165.000,101.000,89.000,170.913,95.983,82.818
165.000,103.000,71.000,171.828,92.932,68.392
165.000,113.000,68.000,173.176,104.283,67.017
165.000,135.000,63.000,176.800,126.662,58.466
166.000,61.000,85.000,167.994,61.305,82.358
166.000,65.000,91.000,168.432,64.109,86.383
166.000,79.000,83.000,169.149,77.579,80.732
166.000,126.000,64.000,177.337,117.374,58.446
166.000,138.000,54.000,177.300,134.671,52.309
167.000,71.000,83.000,169.198,69.856,81.480
167.000,86.000,85.000,171.070,83.947,81.624
167.000,90.000,71.000,173.540,79.264,65.334
168.000,54.000,65.000,170.103,56.417,68.501
168.000,54.000,69.000,170.017,56.516,71.642
168.000,78.000,70.000,170.376,70.933,68.811
169.000,122.000,62.000,180.014,113.316,57.538
170.000,78.000,73.000,173.843,72.544,71.139
172.000,56.000,63.000,174.520,57.590,66.420
172.000,70.000,67.000,174.478,65.920,67.485
173.000,62.000,65.000,175.549,61.435,67.360
